assignment_id,query_id,search_target_id,active
query-target-assignment-001,query-001,search-target-001,TRUE
query-target-assignment-002,query-002,search-target-001,TRUE
query-target-assignment-003,query-003,search-target-001,TRUE
query-target-assignment-004,query-004,search-target-001,TRUE
query-target-assignment-005,query-005,search-target-001,TRUE
query-target-assignment-006,query-006,search-target-001,TRUE
query-target-assignment-007,query-007,search-target-001,TRUE
query-target-assignment-008,query-008,search-target-001,TRUE
query-target-assignment-009,query-009,search-target-001,TRUE
query-target-assignment-010,query-010,search-target-001,TRUE
query-target-assignment-011,query-011,search-target-001,TRUE
query-target-assignment-012,query-012,search-target-001,TRUE
query-target-assignment-013,query-013,search-target-001,TRUE
query-target-assignment-014,query-014,search-target-001,TRUE
query-target-assignment-015,query-015,search-target-001,TRUE
query-target-assignment-016,query-016,search-target-001,TRUE
query-target-assignment-017,query-017,search-target-001,TRUE
query-target-assignment-018,query-001,search-target-002,TRUE
query-target-assignment-019,query-002,search-target-002,TRUE
query-target-assignment-020,query-003,search-target-002,TRUE
query-target-assignment-021,query-004,search-target-002,TRUE
query-target-assignment-022,query-005,search-target-002,TRUE
query-target-assignment-023,query-006,search-target-002,TRUE
query-target-assignment-024,query-007,search-target-002,TRUE
query-target-assignment-025,query-008,search-target-002,TRUE
query-target-assignment-026,query-009,search-target-002,TRUE
query-target-assignment-027,query-010,search-target-002,TRUE
query-target-assignment-028,query-011,search-target-002,TRUE
query-target-assignment-029,query-012,search-target-002,TRUE
query-target-assignment-030,query-013,search-target-002,TRUE
query-target-assignment-031,query-014,search-target-002,TRUE
query-target-assignment-032,query-015,search-target-002,TRUE
query-target-assignment-033,query-016,search-target-002,TRUE
query-target-assignment-034,query-017,search-target-002,TRUE
query-target-assignment-035,query-001,search-target-003,TRUE
query-target-assignment-036,query-002,search-target-003,TRUE
query-target-assignment-037,query-003,search-target-003,TRUE
query-target-assignment-038,query-004,search-target-003,TRUE
query-target-assignment-039,query-005,search-target-003,TRUE
query-target-assignment-040,query-006,search-target-003,TRUE
query-target-assignment-041,query-007,search-target-003,TRUE
query-target-assignment-042,query-008,search-target-003,TRUE
query-target-assignment-043,query-009,search-target-003,TRUE
query-target-assignment-044,query-010,search-target-003,TRUE
query-target-assignment-045,query-011,search-target-003,TRUE
query-target-assignment-046,query-012,search-target-003,TRUE
query-target-assignment-047,query-013,search-target-003,TRUE
query-target-assignment-048,query-014,search-target-003,TRUE
query-target-assignment-049,query-015,search-target-003,TRUE
query-target-assignment-050,query-016,search-target-003,TRUE
query-target-assignment-051,query-017,search-target-003,TRUE
query-target-assignment-052,query-001,search-target-004,TRUE
query-target-assignment-053,query-002,search-target-004,TRUE
query-target-assignment-054,query-003,search-target-004,TRUE
query-target-assignment-055,query-004,search-target-004,TRUE
query-target-assignment-056,query-005,search-target-004,TRUE
query-target-assignment-057,query-006,search-target-004,TRUE
query-target-assignment-058,query-007,search-target-004,TRUE
query-target-assignment-059,query-008,search-target-004,TRUE
query-target-assignment-060,query-009,search-target-004,TRUE
query-target-assignment-061,query-010,search-target-004,TRUE
query-target-assignment-062,query-011,search-target-004,TRUE
query-target-assignment-063,query-012,search-target-004,TRUE
query-target-assignment-064,query-013,search-target-004,TRUE
query-target-assignment-065,query-014,search-target-004,TRUE
query-target-assignment-066,query-015,search-target-004,TRUE
query-target-assignment-067,query-016,search-target-004,TRUE
query-target-assignment-068,query-017,search-target-004,TRUE
query-target-assignment-069,query-018,search-target-005,TRUE
query-target-assignment-070,query-019,search-target-005,TRUE
query-target-assignment-071,query-020,search-target-005,TRUE
query-target-assignment-072,query-021,search-target-005,TRUE
query-target-assignment-073,query-022,search-target-005,TRUE
query-target-assignment-074,query-023,search-target-005,TRUE
query-target-assignment-075,query-024,search-target-005,TRUE
query-target-assignment-076,query-025,search-target-005,TRUE
query-target-assignment-077,query-026,search-target-005,TRUE
query-target-assignment-078,query-027,search-target-005,TRUE
query-target-assignment-079,query-028,search-target-005,TRUE
query-target-assignment-080,query-029,search-target-005,TRUE
query-target-assignment-081,query-030,search-target-005,TRUE
query-target-assignment-082,query-031,search-target-005,TRUE
query-target-assignment-083,query-032,search-target-005,TRUE
query-target-assignment-084,query-033,search-target-005,TRUE
query-target-assignment-085,query-034,search-target-005,TRUE
query-target-assignment-086,query-018,search-target-006,TRUE
query-target-assignment-087,query-019,search-target-006,TRUE
query-target-assignment-088,query-020,search-target-006,TRUE
query-target-assignment-089,query-021,search-target-006,TRUE
query-target-assignment-090,query-022,search-target-006,TRUE
query-target-assignment-091,query-023,search-target-006,TRUE
query-target-assignment-092,query-024,search-target-006,TRUE
query-target-assignment-093,query-025,search-target-006,TRUE
query-target-assignment-094,query-026,search-target-006,TRUE
query-target-assignment-095,query-027,search-target-006,TRUE
query-target-assignment-096,query-028,search-target-006,TRUE
query-target-assignment-097,query-029,search-target-006,TRUE
query-target-assignment-098,query-030,search-target-006,TRUE
query-target-assignment-099,query-031,search-target-006,TRUE
query-target-assignment-100,query-032,search-target-006,TRUE
query-target-assignment-101,query-033,search-target-006,TRUE
query-target-assignment-102,query-034,search-target-006,TRUE
query-target-assignment-103,query-018,search-target-007,TRUE
query-target-assignment-104,query-019,search-target-007,TRUE
query-target-assignment-105,query-020,search-target-007,TRUE
query-target-assignment-106,query-021,search-target-007,TRUE
query-target-assignment-107,query-022,search-target-007,TRUE
query-target-assignment-108,query-023,search-target-007,TRUE
query-target-assignment-109,query-024,search-target-007,TRUE
query-target-assignment-110,query-025,search-target-007,TRUE
query-target-assignment-111,query-026,search-target-007,TRUE
query-target-assignment-112,query-027,search-target-007,TRUE
query-target-assignment-113,query-028,search-target-007,TRUE
query-target-assignment-114,query-029,search-target-007,TRUE
query-target-assignment-115,query-030,search-target-007,TRUE
query-target-assignment-116,query-031,search-target-007,TRUE
query-target-assignment-117,query-032,search-target-007,TRUE
query-target-assignment-118,query-033,search-target-007,TRUE
query-target-assignment-119,query-034,search-target-007,TRUE
query-target-assignment-120,query-018,search-target-008,TRUE
query-target-assignment-121,query-019,search-target-008,TRUE
query-target-assignment-122,query-020,search-target-008,TRUE
query-target-assignment-123,query-021,search-target-008,TRUE
query-target-assignment-124,query-022,search-target-008,TRUE
query-target-assignment-125,query-023,search-target-008,TRUE
query-target-assignment-126,query-024,search-target-008,TRUE
query-target-assignment-127,query-025,search-target-008,TRUE
query-target-assignment-128,query-026,search-target-008,TRUE
query-target-assignment-129,query-027,search-target-008,TRUE
query-target-assignment-130,query-028,search-target-008,TRUE
query-target-assignment-131,query-029,search-target-008,TRUE
query-target-assignment-132,query-030,search-target-008,TRUE
query-target-assignment-133,query-031,search-target-008,TRUE
query-target-assignment-134,query-032,search-target-008,TRUE
query-target-assignment-135,query-033,search-target-008,TRUE
query-target-assignment-136,query-034,search-target-008,TRUE
query-target-assignment-137,query-035,search-target-009,TRUE
query-target-assignment-138,query-036,search-target-009,TRUE
query-target-assignment-139,query-037,search-target-009,TRUE
query-target-assignment-140,query-038,search-target-009,TRUE
query-target-assignment-141,query-039,search-target-009,TRUE
query-target-assignment-142,query-040,search-target-009,TRUE
query-target-assignment-143,query-041,search-target-009,TRUE
query-target-assignment-144,query-042,search-target-009,TRUE
query-target-assignment-145,query-043,search-target-009,TRUE
query-target-assignment-146,query-044,search-target-009,TRUE
query-target-assignment-147,query-045,search-target-009,TRUE
query-target-assignment-148,query-046,search-target-009,TRUE
query-target-assignment-149,query-047,search-target-009,TRUE
query-target-assignment-150,query-048,search-target-009,TRUE
query-target-assignment-151,query-049,search-target-009,TRUE
query-target-assignment-152,query-050,search-target-009,TRUE
query-target-assignment-153,query-051,search-target-009,TRUE
query-target-assignment-154,query-035,search-target-010,TRUE
query-target-assignment-155,query-036,search-target-010,TRUE
query-target-assignment-156,query-037,search-target-010,TRUE
query-target-assignment-157,query-038,search-target-010,TRUE
query-target-assignment-158,query-039,search-target-010,TRUE
query-target-assignment-159,query-040,search-target-010,TRUE
query-target-assignment-160,query-041,search-target-010,TRUE
query-target-assignment-161,query-042,search-target-010,TRUE
query-target-assignment-162,query-043,search-target-010,TRUE
query-target-assignment-163,query-044,search-target-010,TRUE
query-target-assignment-164,query-045,search-target-010,TRUE
query-target-assignment-165,query-046,search-target-010,TRUE
query-target-assignment-166,query-047,search-target-010,TRUE
query-target-assignment-167,query-048,search-target-010,TRUE
query-target-assignment-168,query-049,search-target-010,TRUE
query-target-assignment-169,query-050,search-target-010,TRUE
query-target-assignment-170,query-051,search-target-010,TRUE
query-target-assignment-171,query-035,search-target-011,TRUE
query-target-assignment-172,query-036,search-target-011,TRUE
query-target-assignment-173,query-037,search-target-011,TRUE
query-target-assignment-174,query-038,search-target-011,TRUE
query-target-assignment-175,query-039,search-target-011,TRUE
query-target-assignment-176,query-040,search-target-011,TRUE
query-target-assignment-177,query-041,search-target-011,TRUE
query-target-assignment-178,query-042,search-target-011,TRUE
query-target-assignment-179,query-043,search-target-011,TRUE
query-target-assignment-180,query-044,search-target-011,TRUE
query-target-assignment-181,query-045,search-target-011,TRUE
query-target-assignment-182,query-046,search-target-011,TRUE
query-target-assignment-183,query-047,search-target-011,TRUE
query-target-assignment-184,query-048,search-target-011,TRUE
query-target-assignment-185,query-049,search-target-011,TRUE
query-target-assignment-186,query-050,search-target-011,TRUE
query-target-assignment-187,query-051,search-target-011,TRUE
query-target-assignment-188,query-035,search-target-012,TRUE
query-target-assignment-189,query-036,search-target-012,TRUE
query-target-assignment-190,query-037,search-target-012,TRUE
query-target-assignment-191,query-038,search-target-012,TRUE
query-target-assignment-192,query-039,search-target-012,TRUE
query-target-assignment-193,query-040,search-target-012,TRUE
query-target-assignment-194,query-041,search-target-012,TRUE
query-target-assignment-195,query-042,search-target-012,TRUE
query-target-assignment-196,query-043,search-target-012,TRUE
query-target-assignment-197,query-044,search-target-012,TRUE
query-target-assignment-198,query-045,search-target-012,TRUE
query-target-assignment-199,query-046,search-target-012,TRUE
query-target-assignment-200,query-047,search-target-012,TRUE
query-target-assignment-201,query-048,search-target-012,TRUE
query-target-assignment-202,query-049,search-target-012,TRUE
query-target-assignment-203,query-050,search-target-012,TRUE
query-target-assignment-204,query-051,search-target-012,TRUE
query-target-assignment-205,query-052,search-target-013,TRUE
query-target-assignment-206,query-053,search-target-013,TRUE
query-target-assignment-207,query-054,search-target-013,TRUE
query-target-assignment-208,query-055,search-target-013,TRUE
query-target-assignment-209,query-056,search-target-013,TRUE
query-target-assignment-210,query-057,search-target-013,TRUE
query-target-assignment-211,query-058,search-target-013,TRUE
query-target-assignment-212,query-059,search-target-013,TRUE
query-target-assignment-213,query-060,search-target-013,TRUE
query-target-assignment-214,query-061,search-target-013,TRUE
query-target-assignment-215,query-062,search-target-013,TRUE
query-target-assignment-216,query-063,search-target-013,TRUE
query-target-assignment-217,query-064,search-target-013,TRUE
query-target-assignment-218,query-065,search-target-013,TRUE
query-target-assignment-219,query-066,search-target-013,TRUE
query-target-assignment-220,query-067,search-target-013,TRUE
query-target-assignment-221,query-068,search-target-013,TRUE
query-target-assignment-222,query-052,search-target-014,TRUE
query-target-assignment-223,query-053,search-target-014,TRUE
query-target-assignment-224,query-054,search-target-014,TRUE
query-target-assignment-225,query-055,search-target-014,TRUE
query-target-assignment-226,query-056,search-target-014,TRUE
query-target-assignment-227,query-057,search-target-014,TRUE
query-target-assignment-228,query-058,search-target-014,TRUE
query-target-assignment-229,query-059,search-target-014,TRUE
query-target-assignment-230,query-060,search-target-014,TRUE
query-target-assignment-231,query-061,search-target-014,TRUE
query-target-assignment-232,query-062,search-target-014,TRUE
query-target-assignment-233,query-063,search-target-014,TRUE
query-target-assignment-234,query-064,search-target-014,TRUE
query-target-assignment-235,query-065,search-target-014,TRUE
query-target-assignment-236,query-066,search-target-014,TRUE
query-target-assignment-237,query-067,search-target-014,TRUE
query-target-assignment-238,query-068,search-target-014,TRUE
query-target-assignment-239,query-052,search-target-015,TRUE
query-target-assignment-240,query-053,search-target-015,TRUE
query-target-assignment-241,query-054,search-target-015,TRUE
query-target-assignment-242,query-055,search-target-015,TRUE
query-target-assignment-243,query-056,search-target-015,TRUE
query-target-assignment-244,query-057,search-target-015,TRUE
query-target-assignment-245,query-058,search-target-015,TRUE
query-target-assignment-246,query-059,search-target-015,TRUE
query-target-assignment-247,query-060,search-target-015,TRUE
query-target-assignment-248,query-061,search-target-015,TRUE
query-target-assignment-249,query-062,search-target-015,TRUE
query-target-assignment-250,query-063,search-target-015,TRUE
query-target-assignment-251,query-064,search-target-015,TRUE
query-target-assignment-252,query-065,search-target-015,TRUE
query-target-assignment-253,query-066,search-target-015,TRUE
query-target-assignment-254,query-067,search-target-015,TRUE
query-target-assignment-255,query-068,search-target-015,TRUE
query-target-assignment-256,query-052,search-target-016,TRUE
query-target-assignment-257,query-053,search-target-016,TRUE
query-target-assignment-258,query-054,search-target-016,TRUE
query-target-assignment-259,query-055,search-target-016,TRUE
query-target-assignment-260,query-056,search-target-016,TRUE
query-target-assignment-261,query-057,search-target-016,TRUE
query-target-assignment-262,query-058,search-target-016,TRUE
query-target-assignment-263,query-059,search-target-016,TRUE
query-target-assignment-264,query-060,search-target-016,TRUE
query-target-assignment-265,query-061,search-target-016,TRUE
query-target-assignment-266,query-062,search-target-016,TRUE
query-target-assignment-267,query-063,search-target-016,TRUE
query-target-assignment-268,query-064,search-target-016,TRUE
query-target-assignment-269,query-065,search-target-016,TRUE
query-target-assignment-270,query-066,search-target-016,TRUE
query-target-assignment-271,query-067,search-target-016,TRUE
query-target-assignment-272,query-068,search-target-016,TRUE
query-target-assignment-273,query-001,search-target-021,TRUE
query-target-assignment-274,query-002,search-target-021,TRUE
query-target-assignment-275,query-003,search-target-021,TRUE
query-target-assignment-276,query-004,search-target-021,TRUE
query-target-assignment-277,query-005,search-target-021,TRUE
query-target-assignment-278,query-006,search-target-021,TRUE
query-target-assignment-279,query-007,search-target-021,TRUE
query-target-assignment-280,query-008,search-target-021,TRUE
query-target-assignment-281,query-009,search-target-021,TRUE
query-target-assignment-282,query-010,search-target-021,TRUE
query-target-assignment-283,query-011,search-target-021,TRUE
query-target-assignment-284,query-012,search-target-021,TRUE
query-target-assignment-285,query-013,search-target-021,TRUE
query-target-assignment-286,query-014,search-target-021,TRUE
query-target-assignment-287,query-015,search-target-021,TRUE
query-target-assignment-288,query-016,search-target-021,TRUE
query-target-assignment-289,query-017,search-target-021,TRUE
query-target-assignment-290,query-001,search-target-022,TRUE
query-target-assignment-291,query-002,search-target-022,TRUE
query-target-assignment-292,query-003,search-target-022,TRUE
query-target-assignment-293,query-004,search-target-022,TRUE
query-target-assignment-294,query-005,search-target-022,TRUE
query-target-assignment-295,query-006,search-target-022,TRUE
query-target-assignment-296,query-007,search-target-022,TRUE
query-target-assignment-297,query-008,search-target-022,TRUE
query-target-assignment-298,query-009,search-target-022,TRUE
query-target-assignment-299,query-010,search-target-022,TRUE
query-target-assignment-300,query-011,search-target-022,TRUE
query-target-assignment-301,query-012,search-target-022,TRUE
query-target-assignment-302,query-013,search-target-022,TRUE
query-target-assignment-303,query-014,search-target-022,TRUE
query-target-assignment-304,query-015,search-target-022,TRUE
query-target-assignment-305,query-016,search-target-022,TRUE
query-target-assignment-306,query-017,search-target-022,TRUE
query-target-assignment-307,query-001,search-target-023,TRUE
query-target-assignment-308,query-002,search-target-023,TRUE
query-target-assignment-309,query-003,search-target-023,TRUE
query-target-assignment-310,query-004,search-target-023,TRUE
query-target-assignment-311,query-005,search-target-023,TRUE
query-target-assignment-312,query-006,search-target-023,TRUE
query-target-assignment-313,query-007,search-target-023,TRUE
query-target-assignment-314,query-008,search-target-023,TRUE
query-target-assignment-315,query-009,search-target-023,TRUE
query-target-assignment-316,query-010,search-target-023,TRUE
query-target-assignment-317,query-011,search-target-023,TRUE
query-target-assignment-318,query-012,search-target-023,TRUE
query-target-assignment-319,query-013,search-target-023,TRUE
query-target-assignment-320,query-014,search-target-023,TRUE
query-target-assignment-321,query-015,search-target-023,TRUE
query-target-assignment-322,query-016,search-target-023,TRUE
query-target-assignment-323,query-017,search-target-023,TRUE
query-target-assignment-324,query-001,search-target-024,TRUE
query-target-assignment-325,query-002,search-target-024,TRUE
query-target-assignment-326,query-003,search-target-024,TRUE
query-target-assignment-327,query-004,search-target-024,TRUE
query-target-assignment-328,query-005,search-target-024,TRUE
query-target-assignment-329,query-006,search-target-024,TRUE
query-target-assignment-330,query-007,search-target-024,TRUE
query-target-assignment-331,query-008,search-target-024,TRUE
query-target-assignment-332,query-009,search-target-024,TRUE
query-target-assignment-333,query-010,search-target-024,TRUE
query-target-assignment-334,query-011,search-target-024,TRUE
query-target-assignment-335,query-012,search-target-024,TRUE
query-target-assignment-336,query-013,search-target-024,TRUE
query-target-assignment-337,query-014,search-target-024,TRUE
query-target-assignment-338,query-015,search-target-024,TRUE
query-target-assignment-339,query-016,search-target-024,TRUE
query-target-assignment-340,query-017,search-target-024,TRUE
query-target-assignment-341,query-018,search-target-025,TRUE
query-target-assignment-342,query-019,search-target-025,TRUE
query-target-assignment-343,query-020,search-target-025,TRUE
query-target-assignment-344,query-021,search-target-025,TRUE
query-target-assignment-345,query-022,search-target-025,TRUE
query-target-assignment-346,query-023,search-target-025,TRUE
query-target-assignment-347,query-024,search-target-025,TRUE
query-target-assignment-348,query-025,search-target-025,TRUE
query-target-assignment-349,query-026,search-target-025,TRUE
query-target-assignment-350,query-027,search-target-025,TRUE
query-target-assignment-351,query-028,search-target-025,TRUE
query-target-assignment-352,query-029,search-target-025,TRUE
query-target-assignment-353,query-030,search-target-025,TRUE
query-target-assignment-354,query-031,search-target-025,TRUE
query-target-assignment-355,query-032,search-target-025,TRUE
query-target-assignment-356,query-033,search-target-025,TRUE
query-target-assignment-357,query-034,search-target-025,TRUE
query-target-assignment-358,query-018,search-target-026,TRUE
query-target-assignment-359,query-019,search-target-026,TRUE
query-target-assignment-360,query-020,search-target-026,TRUE
query-target-assignment-361,query-021,search-target-026,TRUE
query-target-assignment-362,query-022,search-target-026,TRUE
query-target-assignment-363,query-023,search-target-026,TRUE
query-target-assignment-364,query-024,search-target-026,TRUE
query-target-assignment-365,query-025,search-target-026,TRUE
query-target-assignment-366,query-026,search-target-026,TRUE
query-target-assignment-367,query-027,search-target-026,TRUE
query-target-assignment-368,query-028,search-target-026,TRUE
query-target-assignment-369,query-029,search-target-026,TRUE
query-target-assignment-370,query-030,search-target-026,TRUE
query-target-assignment-371,query-031,search-target-026,TRUE
query-target-assignment-372,query-032,search-target-026,TRUE
query-target-assignment-373,query-033,search-target-026,TRUE
query-target-assignment-374,query-034,search-target-026,TRUE
query-target-assignment-375,query-018,search-target-027,TRUE
query-target-assignment-376,query-019,search-target-027,TRUE
query-target-assignment-377,query-020,search-target-027,TRUE
query-target-assignment-378,query-021,search-target-027,TRUE
query-target-assignment-379,query-022,search-target-027,TRUE
query-target-assignment-380,query-023,search-target-027,TRUE
query-target-assignment-381,query-024,search-target-027,TRUE
query-target-assignment-382,query-025,search-target-027,TRUE
query-target-assignment-383,query-026,search-target-027,TRUE
query-target-assignment-384,query-027,search-target-027,TRUE
query-target-assignment-385,query-028,search-target-027,TRUE
query-target-assignment-386,query-029,search-target-027,TRUE
query-target-assignment-387,query-030,search-target-027,TRUE
query-target-assignment-388,query-031,search-target-027,TRUE
query-target-assignment-389,query-032,search-target-027,TRUE
query-target-assignment-390,query-033,search-target-027,TRUE
query-target-assignment-391,query-034,search-target-027,TRUE
query-target-assignment-392,query-018,search-target-028,TRUE
query-target-assignment-393,query-019,search-target-028,TRUE
query-target-assignment-394,query-020,search-target-028,TRUE
query-target-assignment-395,query-021,search-target-028,TRUE
query-target-assignment-396,query-022,search-target-028,TRUE
query-target-assignment-397,query-023,search-target-028,TRUE
query-target-assignment-398,query-024,search-target-028,TRUE
query-target-assignment-399,query-025,search-target-028,TRUE
query-target-assignment-400,query-026,search-target-028,TRUE
query-target-assignment-401,query-027,search-target-028,TRUE
query-target-assignment-402,query-028,search-target-028,TRUE
query-target-assignment-403,query-029,search-target-028,TRUE
query-target-assignment-404,query-030,search-target-028,TRUE
query-target-assignment-405,query-031,search-target-028,TRUE
query-target-assignment-406,query-032,search-target-028,TRUE
query-target-assignment-407,query-033,search-target-028,TRUE
query-target-assignment-408,query-034,search-target-028,TRUE
query-target-assignment-409,query-035,search-target-029,TRUE
query-target-assignment-410,query-036,search-target-029,TRUE
query-target-assignment-411,query-037,search-target-029,TRUE
query-target-assignment-412,query-038,search-target-029,TRUE
query-target-assignment-413,query-039,search-target-029,TRUE
query-target-assignment-414,query-040,search-target-029,TRUE
query-target-assignment-415,query-041,search-target-029,TRUE
query-target-assignment-416,query-042,search-target-029,TRUE
query-target-assignment-417,query-043,search-target-029,TRUE
query-target-assignment-418,query-044,search-target-029,TRUE
query-target-assignment-419,query-045,search-target-029,TRUE
query-target-assignment-420,query-046,search-target-029,TRUE
query-target-assignment-421,query-047,search-target-029,TRUE
query-target-assignment-422,query-048,search-target-029,TRUE
query-target-assignment-423,query-049,search-target-029,TRUE
query-target-assignment-424,query-050,search-target-029,TRUE
query-target-assignment-425,query-051,search-target-029,TRUE
query-target-assignment-426,query-035,search-target-030,TRUE
query-target-assignment-427,query-036,search-target-030,TRUE
query-target-assignment-428,query-037,search-target-030,TRUE
query-target-assignment-429,query-038,search-target-030,TRUE
query-target-assignment-430,query-039,search-target-030,TRUE
query-target-assignment-431,query-040,search-target-030,TRUE
query-target-assignment-432,query-041,search-target-030,TRUE
query-target-assignment-433,query-042,search-target-030,TRUE
query-target-assignment-434,query-043,search-target-030,TRUE
query-target-assignment-435,query-044,search-target-030,TRUE
query-target-assignment-436,query-045,search-target-030,TRUE
query-target-assignment-437,query-046,search-target-030,TRUE
query-target-assignment-438,query-047,search-target-030,TRUE
query-target-assignment-439,query-048,search-target-030,TRUE
query-target-assignment-440,query-049,search-target-030,TRUE
query-target-assignment-441,query-050,search-target-030,TRUE
query-target-assignment-442,query-051,search-target-030,TRUE
query-target-assignment-443,query-035,search-target-031,TRUE
query-target-assignment-444,query-036,search-target-031,TRUE
query-target-assignment-445,query-037,search-target-031,TRUE
query-target-assignment-446,query-038,search-target-031,TRUE
query-target-assignment-447,query-039,search-target-031,TRUE
query-target-assignment-448,query-040,search-target-031,TRUE
query-target-assignment-449,query-041,search-target-031,TRUE
query-target-assignment-450,query-042,search-target-031,TRUE
query-target-assignment-451,query-043,search-target-031,TRUE
query-target-assignment-452,query-044,search-target-031,TRUE
query-target-assignment-453,query-045,search-target-031,TRUE
query-target-assignment-454,query-046,search-target-031,TRUE
query-target-assignment-455,query-047,search-target-031,TRUE
query-target-assignment-456,query-048,search-target-031,TRUE
query-target-assignment-457,query-049,search-target-031,TRUE
query-target-assignment-458,query-050,search-target-031,TRUE
query-target-assignment-459,query-051,search-target-031,TRUE
query-target-assignment-460,query-035,search-target-032,TRUE
query-target-assignment-461,query-036,search-target-032,TRUE
query-target-assignment-462,query-037,search-target-032,TRUE
query-target-assignment-463,query-038,search-target-032,TRUE
query-target-assignment-464,query-039,search-target-032,TRUE
query-target-assignment-465,query-040,search-target-032,TRUE
query-target-assignment-466,query-041,search-target-032,TRUE
query-target-assignment-467,query-042,search-target-032,TRUE
query-target-assignment-468,query-043,search-target-032,TRUE
query-target-assignment-469,query-044,search-target-032,TRUE
query-target-assignment-470,query-045,search-target-032,TRUE
query-target-assignment-471,query-046,search-target-032,TRUE
query-target-assignment-472,query-047,search-target-032,TRUE
query-target-assignment-473,query-048,search-target-032,TRUE
query-target-assignment-474,query-049,search-target-032,TRUE
query-target-assignment-475,query-050,search-target-032,TRUE
query-target-assignment-476,query-051,search-target-032,TRUE
query-target-assignment-477,query-052,search-target-033,TRUE
query-target-assignment-478,query-053,search-target-033,TRUE
query-target-assignment-479,query-054,search-target-033,TRUE
query-target-assignment-480,query-055,search-target-033,TRUE
query-target-assignment-481,query-056,search-target-033,TRUE
query-target-assignment-482,query-057,search-target-033,TRUE
query-target-assignment-483,query-058,search-target-033,TRUE
query-target-assignment-484,query-059,search-target-033,TRUE
query-target-assignment-485,query-060,search-target-033,TRUE
query-target-assignment-486,query-061,search-target-033,TRUE
query-target-assignment-487,query-062,search-target-033,TRUE
query-target-assignment-488,query-063,search-target-033,TRUE
query-target-assignment-489,query-064,search-target-033,TRUE
query-target-assignment-490,query-065,search-target-033,TRUE
query-target-assignment-491,query-066,search-target-033,TRUE
query-target-assignment-492,query-067,search-target-033,TRUE
query-target-assignment-493,query-068,search-target-033,TRUE
query-target-assignment-494,query-052,search-target-034,TRUE
query-target-assignment-495,query-053,search-target-034,TRUE
query-target-assignment-496,query-054,search-target-034,TRUE
query-target-assignment-497,query-055,search-target-034,TRUE
query-target-assignment-498,query-056,search-target-034,TRUE
query-target-assignment-499,query-057,search-target-034,TRUE
query-target-assignment-500,query-058,search-target-034,TRUE
query-target-assignment-501,query-059,search-target-034,TRUE
query-target-assignment-502,query-060,search-target-034,TRUE
query-target-assignment-503,query-061,search-target-034,TRUE
query-target-assignment-504,query-062,search-target-034,TRUE
query-target-assignment-505,query-063,search-target-034,TRUE
query-target-assignment-506,query-064,search-target-034,TRUE
query-target-assignment-507,query-065,search-target-034,TRUE
query-target-assignment-508,query-066,search-target-034,TRUE
query-target-assignment-509,query-067,search-target-034,TRUE
query-target-assignment-510,query-068,search-target-034,TRUE
query-target-assignment-511,query-052,search-target-035,TRUE
query-target-assignment-512,query-053,search-target-035,TRUE
query-target-assignment-513,query-054,search-target-035,TRUE
query-target-assignment-514,query-055,search-target-035,TRUE
query-target-assignment-515,query-056,search-target-035,TRUE
query-target-assignment-516,query-057,search-target-035,TRUE
query-target-assignment-517,query-058,search-target-035,TRUE
query-target-assignment-518,query-059,search-target-035,TRUE
query-target-assignment-519,query-060,search-target-035,TRUE
query-target-assignment-520,query-061,search-target-035,TRUE
query-target-assignment-521,query-062,search-target-035,TRUE
query-target-assignment-522,query-063,search-target-035,TRUE
query-target-assignment-523,query-064,search-target-035,TRUE
query-target-assignment-524,query-065,search-target-035,TRUE
query-target-assignment-525,query-066,search-target-035,TRUE
query-target-assignment-526,query-067,search-target-035,TRUE
query-target-assignment-527,query-068,search-target-035,TRUE
query-target-assignment-528,query-052,search-target-036,TRUE
query-target-assignment-529,query-053,search-target-036,TRUE
query-target-assignment-530,query-054,search-target-036,TRUE
query-target-assignment-531,query-055,search-target-036,TRUE
query-target-assignment-532,query-056,search-target-036,TRUE
query-target-assignment-533,query-057,search-target-036,TRUE
query-target-assignment-534,query-058,search-target-036,TRUE
query-target-assignment-535,query-059,search-target-036,TRUE
query-target-assignment-536,query-060,search-target-036,TRUE
query-target-assignment-537,query-061,search-target-036,TRUE
query-target-assignment-538,query-062,search-target-036,TRUE
query-target-assignment-539,query-063,search-target-036,TRUE
query-target-assignment-540,query-064,search-target-036,TRUE
query-target-assignment-541,query-065,search-target-036,TRUE
query-target-assignment-542,query-066,search-target-036,TRUE
query-target-assignment-543,query-067,search-target-036,TRUE
query-target-assignment-544,query-068,search-target-036,TRUE
query-target-assignment-545,query-001,search-target-041,TRUE
query-target-assignment-546,query-002,search-target-041,TRUE
query-target-assignment-547,query-003,search-target-041,TRUE
query-target-assignment-548,query-004,search-target-041,TRUE
query-target-assignment-549,query-005,search-target-041,TRUE
query-target-assignment-550,query-006,search-target-041,TRUE
query-target-assignment-551,query-007,search-target-041,TRUE
query-target-assignment-552,query-008,search-target-041,TRUE
query-target-assignment-553,query-009,search-target-041,TRUE
query-target-assignment-554,query-010,search-target-041,TRUE
query-target-assignment-555,query-011,search-target-041,TRUE
query-target-assignment-556,query-012,search-target-041,TRUE
query-target-assignment-557,query-013,search-target-041,TRUE
query-target-assignment-558,query-014,search-target-041,TRUE
query-target-assignment-559,query-015,search-target-041,TRUE
query-target-assignment-560,query-016,search-target-041,TRUE
query-target-assignment-561,query-017,search-target-041,TRUE
query-target-assignment-562,query-001,search-target-042,TRUE
query-target-assignment-563,query-002,search-target-042,TRUE
query-target-assignment-564,query-003,search-target-042,TRUE
query-target-assignment-565,query-004,search-target-042,TRUE
query-target-assignment-566,query-005,search-target-042,TRUE
query-target-assignment-567,query-006,search-target-042,TRUE
query-target-assignment-568,query-007,search-target-042,TRUE
query-target-assignment-569,query-008,search-target-042,TRUE
query-target-assignment-570,query-009,search-target-042,TRUE
query-target-assignment-571,query-010,search-target-042,TRUE
query-target-assignment-572,query-011,search-target-042,TRUE
query-target-assignment-573,query-012,search-target-042,TRUE
query-target-assignment-574,query-013,search-target-042,TRUE
query-target-assignment-575,query-014,search-target-042,TRUE
query-target-assignment-576,query-015,search-target-042,TRUE
query-target-assignment-577,query-016,search-target-042,TRUE
query-target-assignment-578,query-017,search-target-042,TRUE
query-target-assignment-579,query-001,search-target-043,TRUE
query-target-assignment-580,query-002,search-target-043,TRUE
query-target-assignment-581,query-003,search-target-043,TRUE
query-target-assignment-582,query-004,search-target-043,TRUE
query-target-assignment-583,query-005,search-target-043,TRUE
query-target-assignment-584,query-006,search-target-043,TRUE
query-target-assignment-585,query-007,search-target-043,TRUE
query-target-assignment-586,query-008,search-target-043,TRUE
query-target-assignment-587,query-009,search-target-043,TRUE
query-target-assignment-588,query-010,search-target-043,TRUE
query-target-assignment-589,query-011,search-target-043,TRUE
query-target-assignment-590,query-012,search-target-043,TRUE
query-target-assignment-591,query-013,search-target-043,TRUE
query-target-assignment-592,query-014,search-target-043,TRUE
query-target-assignment-593,query-015,search-target-043,TRUE
query-target-assignment-594,query-016,search-target-043,TRUE
query-target-assignment-595,query-017,search-target-043,TRUE
query-target-assignment-596,query-001,search-target-044,TRUE
query-target-assignment-597,query-002,search-target-044,TRUE
query-target-assignment-598,query-003,search-target-044,TRUE
query-target-assignment-599,query-004,search-target-044,TRUE
query-target-assignment-600,query-005,search-target-044,TRUE
query-target-assignment-601,query-006,search-target-044,TRUE
query-target-assignment-602,query-007,search-target-044,TRUE
query-target-assignment-603,query-008,search-target-044,TRUE
query-target-assignment-604,query-009,search-target-044,TRUE
query-target-assignment-605,query-010,search-target-044,TRUE
query-target-assignment-606,query-011,search-target-044,TRUE
query-target-assignment-607,query-012,search-target-044,TRUE
query-target-assignment-608,query-013,search-target-044,TRUE
query-target-assignment-609,query-014,search-target-044,TRUE
query-target-assignment-610,query-015,search-target-044,TRUE
query-target-assignment-611,query-016,search-target-044,TRUE
query-target-assignment-612,query-017,search-target-044,TRUE
query-target-assignment-613,query-018,search-target-045,TRUE
query-target-assignment-614,query-019,search-target-045,TRUE
query-target-assignment-615,query-020,search-target-045,TRUE
query-target-assignment-616,query-021,search-target-045,TRUE
query-target-assignment-617,query-022,search-target-045,TRUE
query-target-assignment-618,query-023,search-target-045,TRUE
query-target-assignment-619,query-024,search-target-045,TRUE
query-target-assignment-620,query-025,search-target-045,TRUE
query-target-assignment-621,query-026,search-target-045,TRUE
query-target-assignment-622,query-027,search-target-045,TRUE
query-target-assignment-623,query-028,search-target-045,TRUE
query-target-assignment-624,query-029,search-target-045,TRUE
query-target-assignment-625,query-030,search-target-045,TRUE
query-target-assignment-626,query-031,search-target-045,TRUE
query-target-assignment-627,query-032,search-target-045,TRUE
query-target-assignment-628,query-033,search-target-045,TRUE
query-target-assignment-629,query-034,search-target-045,TRUE
query-target-assignment-630,query-018,search-target-046,TRUE
query-target-assignment-631,query-019,search-target-046,TRUE
query-target-assignment-632,query-020,search-target-046,TRUE
query-target-assignment-633,query-021,search-target-046,TRUE
query-target-assignment-634,query-022,search-target-046,TRUE
query-target-assignment-635,query-023,search-target-046,TRUE
query-target-assignment-636,query-024,search-target-046,TRUE
query-target-assignment-637,query-025,search-target-046,TRUE
query-target-assignment-638,query-026,search-target-046,TRUE
query-target-assignment-639,query-027,search-target-046,TRUE
query-target-assignment-640,query-028,search-target-046,TRUE
query-target-assignment-641,query-029,search-target-046,TRUE
query-target-assignment-642,query-030,search-target-046,TRUE
query-target-assignment-643,query-031,search-target-046,TRUE
query-target-assignment-644,query-032,search-target-046,TRUE
query-target-assignment-645,query-033,search-target-046,TRUE
query-target-assignment-646,query-034,search-target-046,TRUE
query-target-assignment-647,query-018,search-target-047,TRUE
query-target-assignment-648,query-019,search-target-047,TRUE
query-target-assignment-649,query-020,search-target-047,TRUE
query-target-assignment-650,query-021,search-target-047,TRUE
query-target-assignment-651,query-022,search-target-047,TRUE
query-target-assignment-652,query-023,search-target-047,TRUE
query-target-assignment-653,query-024,search-target-047,TRUE
query-target-assignment-654,query-025,search-target-047,TRUE
query-target-assignment-655,query-026,search-target-047,TRUE
query-target-assignment-656,query-027,search-target-047,TRUE
query-target-assignment-657,query-028,search-target-047,TRUE
query-target-assignment-658,query-029,search-target-047,TRUE
query-target-assignment-659,query-030,search-target-047,TRUE
query-target-assignment-660,query-031,search-target-047,TRUE
query-target-assignment-661,query-032,search-target-047,TRUE
query-target-assignment-662,query-033,search-target-047,TRUE
query-target-assignment-663,query-034,search-target-047,TRUE
query-target-assignment-664,query-018,search-target-048,TRUE
query-target-assignment-665,query-019,search-target-048,TRUE
query-target-assignment-666,query-020,search-target-048,TRUE
query-target-assignment-667,query-021,search-target-048,TRUE
query-target-assignment-668,query-022,search-target-048,TRUE
query-target-assignment-669,query-023,search-target-048,TRUE
query-target-assignment-670,query-024,search-target-048,TRUE
query-target-assignment-671,query-025,search-target-048,TRUE
query-target-assignment-672,query-026,search-target-048,TRUE
query-target-assignment-673,query-027,search-target-048,TRUE
query-target-assignment-674,query-028,search-target-048,TRUE
query-target-assignment-675,query-029,search-target-048,TRUE
query-target-assignment-676,query-030,search-target-048,TRUE
query-target-assignment-677,query-031,search-target-048,TRUE
query-target-assignment-678,query-032,search-target-048,TRUE
query-target-assignment-679,query-033,search-target-048,TRUE
query-target-assignment-680,query-034,search-target-048,TRUE
query-target-assignment-681,query-035,search-target-049,TRUE
query-target-assignment-682,query-036,search-target-049,TRUE
query-target-assignment-683,query-037,search-target-049,TRUE
query-target-assignment-684,query-038,search-target-049,TRUE
query-target-assignment-685,query-039,search-target-049,TRUE
query-target-assignment-686,query-040,search-target-049,TRUE
query-target-assignment-687,query-041,search-target-049,TRUE
query-target-assignment-688,query-042,search-target-049,TRUE
query-target-assignment-689,query-043,search-target-049,TRUE
query-target-assignment-690,query-044,search-target-049,TRUE
query-target-assignment-691,query-045,search-target-049,TRUE
query-target-assignment-692,query-046,search-target-049,TRUE
query-target-assignment-693,query-047,search-target-049,TRUE
query-target-assignment-694,query-048,search-target-049,TRUE
query-target-assignment-695,query-049,search-target-049,TRUE
query-target-assignment-696,query-050,search-target-049,TRUE
query-target-assignment-697,query-051,search-target-049,TRUE
query-target-assignment-698,query-035,search-target-050,TRUE
query-target-assignment-699,query-036,search-target-050,TRUE
query-target-assignment-700,query-037,search-target-050,TRUE
query-target-assignment-701,query-038,search-target-050,TRUE
query-target-assignment-702,query-039,search-target-050,TRUE
query-target-assignment-703,query-040,search-target-050,TRUE
query-target-assignment-704,query-041,search-target-050,TRUE
query-target-assignment-705,query-042,search-target-050,TRUE
query-target-assignment-706,query-043,search-target-050,TRUE
query-target-assignment-707,query-044,search-target-050,TRUE
query-target-assignment-708,query-045,search-target-050,TRUE
query-target-assignment-709,query-046,search-target-050,TRUE
query-target-assignment-710,query-047,search-target-050,TRUE
query-target-assignment-711,query-048,search-target-050,TRUE
query-target-assignment-712,query-049,search-target-050,TRUE
query-target-assignment-713,query-050,search-target-050,TRUE
query-target-assignment-714,query-051,search-target-050,TRUE
query-target-assignment-715,query-035,search-target-051,TRUE
query-target-assignment-716,query-036,search-target-051,TRUE
query-target-assignment-717,query-037,search-target-051,TRUE
query-target-assignment-718,query-038,search-target-051,TRUE
query-target-assignment-719,query-039,search-target-051,TRUE
query-target-assignment-720,query-040,search-target-051,TRUE
query-target-assignment-721,query-041,search-target-051,TRUE
query-target-assignment-722,query-042,search-target-051,TRUE
query-target-assignment-723,query-043,search-target-051,TRUE
query-target-assignment-724,query-044,search-target-051,TRUE
query-target-assignment-725,query-045,search-target-051,TRUE
query-target-assignment-726,query-046,search-target-051,TRUE
query-target-assignment-727,query-047,search-target-051,TRUE
query-target-assignment-728,query-048,search-target-051,TRUE
query-target-assignment-729,query-049,search-target-051,TRUE
query-target-assignment-730,query-050,search-target-051,TRUE
query-target-assignment-731,query-051,search-target-051,TRUE
query-target-assignment-732,query-035,search-target-052,TRUE
query-target-assignment-733,query-036,search-target-052,TRUE
query-target-assignment-734,query-037,search-target-052,TRUE
query-target-assignment-735,query-038,search-target-052,TRUE
query-target-assignment-736,query-039,search-target-052,TRUE
query-target-assignment-737,query-040,search-target-052,TRUE
query-target-assignment-738,query-041,search-target-052,TRUE
query-target-assignment-739,query-042,search-target-052,TRUE
query-target-assignment-740,query-043,search-target-052,TRUE
query-target-assignment-741,query-044,search-target-052,TRUE
query-target-assignment-742,query-045,search-target-052,TRUE
query-target-assignment-743,query-046,search-target-052,TRUE
query-target-assignment-744,query-047,search-target-052,TRUE
query-target-assignment-745,query-048,search-target-052,TRUE
query-target-assignment-746,query-049,search-target-052,TRUE
query-target-assignment-747,query-050,search-target-052,TRUE
query-target-assignment-748,query-051,search-target-052,TRUE
query-target-assignment-749,query-052,search-target-053,TRUE
query-target-assignment-750,query-053,search-target-053,TRUE
query-target-assignment-751,query-054,search-target-053,TRUE
query-target-assignment-752,query-055,search-target-053,TRUE
query-target-assignment-753,query-056,search-target-053,TRUE
query-target-assignment-754,query-057,search-target-053,TRUE
query-target-assignment-755,query-058,search-target-053,TRUE
query-target-assignment-756,query-059,search-target-053,TRUE
query-target-assignment-757,query-060,search-target-053,TRUE
query-target-assignment-758,query-061,search-target-053,TRUE
query-target-assignment-759,query-062,search-target-053,TRUE
query-target-assignment-760,query-063,search-target-053,TRUE
query-target-assignment-761,query-064,search-target-053,TRUE
query-target-assignment-762,query-065,search-target-053,TRUE
query-target-assignment-763,query-066,search-target-053,TRUE
query-target-assignment-764,query-067,search-target-053,TRUE
query-target-assignment-765,query-068,search-target-053,TRUE
query-target-assignment-766,query-052,search-target-054,TRUE
query-target-assignment-767,query-053,search-target-054,TRUE
query-target-assignment-768,query-054,search-target-054,TRUE
query-target-assignment-769,query-055,search-target-054,TRUE
query-target-assignment-770,query-056,search-target-054,TRUE
query-target-assignment-771,query-057,search-target-054,TRUE
query-target-assignment-772,query-058,search-target-054,TRUE
query-target-assignment-773,query-059,search-target-054,TRUE
query-target-assignment-774,query-060,search-target-054,TRUE
query-target-assignment-775,query-061,search-target-054,TRUE
query-target-assignment-776,query-062,search-target-054,TRUE
query-target-assignment-777,query-063,search-target-054,TRUE
query-target-assignment-778,query-064,search-target-054,TRUE
query-target-assignment-779,query-065,search-target-054,TRUE
query-target-assignment-780,query-066,search-target-054,TRUE
query-target-assignment-781,query-067,search-target-054,TRUE
query-target-assignment-782,query-068,search-target-054,TRUE
query-target-assignment-783,query-052,search-target-055,TRUE
query-target-assignment-784,query-053,search-target-055,TRUE
query-target-assignment-785,query-054,search-target-055,TRUE
query-target-assignment-786,query-055,search-target-055,TRUE
query-target-assignment-787,query-056,search-target-055,TRUE
query-target-assignment-788,query-057,search-target-055,TRUE
query-target-assignment-789,query-058,search-target-055,TRUE
query-target-assignment-790,query-059,search-target-055,TRUE
query-target-assignment-791,query-060,search-target-055,TRUE
query-target-assignment-792,query-061,search-target-055,TRUE
query-target-assignment-793,query-062,search-target-055,TRUE
query-target-assignment-794,query-063,search-target-055,TRUE
query-target-assignment-795,query-064,search-target-055,TRUE
query-target-assignment-796,query-065,search-target-055,TRUE
query-target-assignment-797,query-066,search-target-055,TRUE
query-target-assignment-798,query-067,search-target-055,TRUE
query-target-assignment-799,query-068,search-target-055,TRUE
query-target-assignment-800,query-052,search-target-056,TRUE
query-target-assignment-801,query-053,search-target-056,TRUE
query-target-assignment-802,query-054,search-target-056,TRUE
query-target-assignment-803,query-055,search-target-056,TRUE
query-target-assignment-804,query-056,search-target-056,TRUE
query-target-assignment-805,query-057,search-target-056,TRUE
query-target-assignment-806,query-058,search-target-056,TRUE
query-target-assignment-807,query-059,search-target-056,TRUE
query-target-assignment-808,query-060,search-target-056,TRUE
query-target-assignment-809,query-061,search-target-056,TRUE
query-target-assignment-810,query-062,search-target-056,TRUE
query-target-assignment-811,query-063,search-target-056,TRUE
query-target-assignment-812,query-064,search-target-056,TRUE
query-target-assignment-813,query-065,search-target-056,TRUE
query-target-assignment-814,query-066,search-target-056,TRUE
query-target-assignment-815,query-067,search-target-056,TRUE
query-target-assignment-816,query-068,search-target-056,TRUE
query-target-assignment-817,query-001,search-target-061,TRUE
query-target-assignment-818,query-002,search-target-061,TRUE
query-target-assignment-819,query-003,search-target-061,TRUE
query-target-assignment-820,query-004,search-target-061,TRUE
query-target-assignment-821,query-005,search-target-061,TRUE
query-target-assignment-822,query-006,search-target-061,TRUE
query-target-assignment-823,query-007,search-target-061,TRUE
query-target-assignment-824,query-008,search-target-061,TRUE
query-target-assignment-825,query-009,search-target-061,TRUE
query-target-assignment-826,query-010,search-target-061,TRUE
query-target-assignment-827,query-011,search-target-061,TRUE
query-target-assignment-828,query-012,search-target-061,TRUE
query-target-assignment-829,query-013,search-target-061,TRUE
query-target-assignment-830,query-014,search-target-061,TRUE
query-target-assignment-831,query-015,search-target-061,TRUE
query-target-assignment-832,query-016,search-target-061,TRUE
query-target-assignment-833,query-017,search-target-061,TRUE
query-target-assignment-834,query-001,search-target-062,TRUE
query-target-assignment-835,query-002,search-target-062,TRUE
query-target-assignment-836,query-003,search-target-062,TRUE
query-target-assignment-837,query-004,search-target-062,TRUE
query-target-assignment-838,query-005,search-target-062,TRUE
query-target-assignment-839,query-006,search-target-062,TRUE
query-target-assignment-840,query-007,search-target-062,TRUE
query-target-assignment-841,query-008,search-target-062,TRUE
query-target-assignment-842,query-009,search-target-062,TRUE
query-target-assignment-843,query-010,search-target-062,TRUE
query-target-assignment-844,query-011,search-target-062,TRUE
query-target-assignment-845,query-012,search-target-062,TRUE
query-target-assignment-846,query-013,search-target-062,TRUE
query-target-assignment-847,query-014,search-target-062,TRUE
query-target-assignment-848,query-015,search-target-062,TRUE
query-target-assignment-849,query-016,search-target-062,TRUE
query-target-assignment-850,query-017,search-target-062,TRUE
query-target-assignment-851,query-001,search-target-063,TRUE
query-target-assignment-852,query-002,search-target-063,TRUE
query-target-assignment-853,query-003,search-target-063,TRUE
query-target-assignment-854,query-004,search-target-063,TRUE
query-target-assignment-855,query-005,search-target-063,TRUE
query-target-assignment-856,query-006,search-target-063,TRUE
query-target-assignment-857,query-007,search-target-063,TRUE
query-target-assignment-858,query-008,search-target-063,TRUE
query-target-assignment-859,query-009,search-target-063,TRUE
query-target-assignment-860,query-010,search-target-063,TRUE
query-target-assignment-861,query-011,search-target-063,TRUE
query-target-assignment-862,query-012,search-target-063,TRUE
query-target-assignment-863,query-013,search-target-063,TRUE
query-target-assignment-864,query-014,search-target-063,TRUE
query-target-assignment-865,query-015,search-target-063,TRUE
query-target-assignment-866,query-016,search-target-063,TRUE
query-target-assignment-867,query-017,search-target-063,TRUE
query-target-assignment-868,query-001,search-target-064,TRUE
query-target-assignment-869,query-002,search-target-064,TRUE
query-target-assignment-870,query-003,search-target-064,TRUE
query-target-assignment-871,query-004,search-target-064,TRUE
query-target-assignment-872,query-005,search-target-064,TRUE
query-target-assignment-873,query-006,search-target-064,TRUE
query-target-assignment-874,query-007,search-target-064,TRUE
query-target-assignment-875,query-008,search-target-064,TRUE
query-target-assignment-876,query-009,search-target-064,TRUE
query-target-assignment-877,query-010,search-target-064,TRUE
query-target-assignment-878,query-011,search-target-064,TRUE
query-target-assignment-879,query-012,search-target-064,TRUE
query-target-assignment-880,query-013,search-target-064,TRUE
query-target-assignment-881,query-014,search-target-064,TRUE
query-target-assignment-882,query-015,search-target-064,TRUE
query-target-assignment-883,query-016,search-target-064,TRUE
query-target-assignment-884,query-017,search-target-064,TRUE
query-target-assignment-885,query-018,search-target-065,TRUE
query-target-assignment-886,query-019,search-target-065,TRUE
query-target-assignment-887,query-020,search-target-065,TRUE
query-target-assignment-888,query-021,search-target-065,TRUE
query-target-assignment-889,query-022,search-target-065,TRUE
query-target-assignment-890,query-023,search-target-065,TRUE
query-target-assignment-891,query-024,search-target-065,TRUE
query-target-assignment-892,query-025,search-target-065,TRUE
query-target-assignment-893,query-026,search-target-065,TRUE
query-target-assignment-894,query-027,search-target-065,TRUE
query-target-assignment-895,query-028,search-target-065,TRUE
query-target-assignment-896,query-029,search-target-065,TRUE
query-target-assignment-897,query-030,search-target-065,TRUE
query-target-assignment-898,query-031,search-target-065,TRUE
query-target-assignment-899,query-032,search-target-065,TRUE
query-target-assignment-900,query-033,search-target-065,TRUE
query-target-assignment-901,query-034,search-target-065,TRUE
query-target-assignment-902,query-018,search-target-066,TRUE
query-target-assignment-903,query-019,search-target-066,TRUE
query-target-assignment-904,query-020,search-target-066,TRUE
query-target-assignment-905,query-021,search-target-066,TRUE
query-target-assignment-906,query-022,search-target-066,TRUE
query-target-assignment-907,query-023,search-target-066,TRUE
query-target-assignment-908,query-024,search-target-066,TRUE
query-target-assignment-909,query-025,search-target-066,TRUE
query-target-assignment-910,query-026,search-target-066,TRUE
query-target-assignment-911,query-027,search-target-066,TRUE
query-target-assignment-912,query-028,search-target-066,TRUE
query-target-assignment-913,query-029,search-target-066,TRUE
query-target-assignment-914,query-030,search-target-066,TRUE
query-target-assignment-915,query-031,search-target-066,TRUE
query-target-assignment-916,query-032,search-target-066,TRUE
query-target-assignment-917,query-033,search-target-066,TRUE
query-target-assignment-918,query-034,search-target-066,TRUE
query-target-assignment-919,query-018,search-target-067,TRUE
query-target-assignment-920,query-019,search-target-067,TRUE
query-target-assignment-921,query-020,search-target-067,TRUE
query-target-assignment-922,query-021,search-target-067,TRUE
query-target-assignment-923,query-022,search-target-067,TRUE
query-target-assignment-924,query-023,search-target-067,TRUE
query-target-assignment-925,query-024,search-target-067,TRUE
query-target-assignment-926,query-025,search-target-067,TRUE
query-target-assignment-927,query-026,search-target-067,TRUE
query-target-assignment-928,query-027,search-target-067,TRUE
query-target-assignment-929,query-028,search-target-067,TRUE
query-target-assignment-930,query-029,search-target-067,TRUE
query-target-assignment-931,query-030,search-target-067,TRUE
query-target-assignment-932,query-031,search-target-067,TRUE
query-target-assignment-933,query-032,search-target-067,TRUE
query-target-assignment-934,query-033,search-target-067,TRUE
query-target-assignment-935,query-034,search-target-067,TRUE
query-target-assignment-936,query-018,search-target-068,TRUE
query-target-assignment-937,query-019,search-target-068,TRUE
query-target-assignment-938,query-020,search-target-068,TRUE
query-target-assignment-939,query-021,search-target-068,TRUE
query-target-assignment-940,query-022,search-target-068,TRUE
query-target-assignment-941,query-023,search-target-068,TRUE
query-target-assignment-942,query-024,search-target-068,TRUE
query-target-assignment-943,query-025,search-target-068,TRUE
query-target-assignment-944,query-026,search-target-068,TRUE
query-target-assignment-945,query-027,search-target-068,TRUE
query-target-assignment-946,query-028,search-target-068,TRUE
query-target-assignment-947,query-029,search-target-068,TRUE
query-target-assignment-948,query-030,search-target-068,TRUE
query-target-assignment-949,query-031,search-target-068,TRUE
query-target-assignment-950,query-032,search-target-068,TRUE
query-target-assignment-951,query-033,search-target-068,TRUE
query-target-assignment-952,query-034,search-target-068,TRUE
query-target-assignment-953,query-035,search-target-069,TRUE
query-target-assignment-954,query-036,search-target-069,TRUE
query-target-assignment-955,query-037,search-target-069,TRUE
query-target-assignment-956,query-038,search-target-069,TRUE
query-target-assignment-957,query-039,search-target-069,TRUE
query-target-assignment-958,query-040,search-target-069,TRUE
query-target-assignment-959,query-041,search-target-069,TRUE
query-target-assignment-960,query-042,search-target-069,TRUE
query-target-assignment-961,query-043,search-target-069,TRUE
query-target-assignment-962,query-044,search-target-069,TRUE
query-target-assignment-963,query-045,search-target-069,TRUE
query-target-assignment-964,query-046,search-target-069,TRUE
query-target-assignment-965,query-047,search-target-069,TRUE
query-target-assignment-966,query-048,search-target-069,TRUE
query-target-assignment-967,query-049,search-target-069,TRUE
query-target-assignment-968,query-050,search-target-069,TRUE
query-target-assignment-969,query-051,search-target-069,TRUE
query-target-assignment-970,query-035,search-target-070,TRUE
query-target-assignment-971,query-036,search-target-070,TRUE
query-target-assignment-972,query-037,search-target-070,TRUE
query-target-assignment-973,query-038,search-target-070,TRUE
query-target-assignment-974,query-039,search-target-070,TRUE
query-target-assignment-975,query-040,search-target-070,TRUE
query-target-assignment-976,query-041,search-target-070,TRUE
query-target-assignment-977,query-042,search-target-070,TRUE
query-target-assignment-978,query-043,search-target-070,TRUE
query-target-assignment-979,query-044,search-target-070,TRUE
query-target-assignment-980,query-045,search-target-070,TRUE
query-target-assignment-981,query-046,search-target-070,TRUE
query-target-assignment-982,query-047,search-target-070,TRUE
query-target-assignment-983,query-048,search-target-070,TRUE
query-target-assignment-984,query-049,search-target-070,TRUE
query-target-assignment-985,query-050,search-target-070,TRUE
query-target-assignment-986,query-051,search-target-070,TRUE
query-target-assignment-987,query-035,search-target-071,TRUE
query-target-assignment-988,query-036,search-target-071,TRUE
query-target-assignment-989,query-037,search-target-071,TRUE
query-target-assignment-990,query-038,search-target-071,TRUE
query-target-assignment-991,query-039,search-target-071,TRUE
query-target-assignment-992,query-040,search-target-071,TRUE
query-target-assignment-993,query-041,search-target-071,TRUE
query-target-assignment-994,query-042,search-target-071,TRUE
query-target-assignment-995,query-043,search-target-071,TRUE
query-target-assignment-996,query-044,search-target-071,TRUE
query-target-assignment-997,query-045,search-target-071,TRUE
query-target-assignment-998,query-046,search-target-071,TRUE
query-target-assignment-999,query-047,search-target-071,TRUE
query-target-assignment-1000,query-048,search-target-071,TRUE
query-target-assignment-1001,query-049,search-target-071,TRUE
query-target-assignment-1002,query-050,search-target-071,TRUE
query-target-assignment-1003,query-051,search-target-071,TRUE
query-target-assignment-1004,query-035,search-target-072,TRUE
query-target-assignment-1005,query-036,search-target-072,TRUE
query-target-assignment-1006,query-037,search-target-072,TRUE
query-target-assignment-1007,query-038,search-target-072,TRUE
query-target-assignment-1008,query-039,search-target-072,TRUE
query-target-assignment-1009,query-040,search-target-072,TRUE
query-target-assignment-1010,query-041,search-target-072,TRUE
query-target-assignment-1011,query-042,search-target-072,TRUE
query-target-assignment-1012,query-043,search-target-072,TRUE
query-target-assignment-1013,query-044,search-target-072,TRUE
query-target-assignment-1014,query-045,search-target-072,TRUE
query-target-assignment-1015,query-046,search-target-072,TRUE
query-target-assignment-1016,query-047,search-target-072,TRUE
query-target-assignment-1017,query-048,search-target-072,TRUE
query-target-assignment-1018,query-049,search-target-072,TRUE
query-target-assignment-1019,query-050,search-target-072,TRUE
query-target-assignment-1020,query-051,search-target-072,TRUE
query-target-assignment-1021,query-052,search-target-073,TRUE
query-target-assignment-1022,query-053,search-target-073,TRUE
query-target-assignment-1023,query-054,search-target-073,TRUE
query-target-assignment-1024,query-055,search-target-073,TRUE
query-target-assignment-1025,query-056,search-target-073,TRUE
query-target-assignment-1026,query-057,search-target-073,TRUE
query-target-assignment-1027,query-058,search-target-073,TRUE
query-target-assignment-1028,query-059,search-target-073,TRUE
query-target-assignment-1029,query-060,search-target-073,TRUE
query-target-assignment-1030,query-061,search-target-073,TRUE
query-target-assignment-1031,query-062,search-target-073,TRUE
query-target-assignment-1032,query-063,search-target-073,TRUE
query-target-assignment-1033,query-064,search-target-073,TRUE
query-target-assignment-1034,query-065,search-target-073,TRUE
query-target-assignment-1035,query-066,search-target-073,TRUE
query-target-assignment-1036,query-067,search-target-073,TRUE
query-target-assignment-1037,query-068,search-target-073,TRUE
query-target-assignment-1038,query-052,search-target-074,TRUE
query-target-assignment-1039,query-053,search-target-074,TRUE
query-target-assignment-1040,query-054,search-target-074,TRUE
query-target-assignment-1041,query-055,search-target-074,TRUE
query-target-assignment-1042,query-056,search-target-074,TRUE
query-target-assignment-1043,query-057,search-target-074,TRUE
query-target-assignment-1044,query-058,search-target-074,TRUE
query-target-assignment-1045,query-059,search-target-074,TRUE
query-target-assignment-1046,query-060,search-target-074,TRUE
query-target-assignment-1047,query-061,search-target-074,TRUE
query-target-assignment-1048,query-062,search-target-074,TRUE
query-target-assignment-1049,query-063,search-target-074,TRUE
query-target-assignment-1050,query-064,search-target-074,TRUE
query-target-assignment-1051,query-065,search-target-074,TRUE
query-target-assignment-1052,query-066,search-target-074,TRUE
query-target-assignment-1053,query-067,search-target-074,TRUE
query-target-assignment-1054,query-068,search-target-074,TRUE
query-target-assignment-1055,query-052,search-target-075,TRUE
query-target-assignment-1056,query-053,search-target-075,TRUE
query-target-assignment-1057,query-054,search-target-075,TRUE
query-target-assignment-1058,query-055,search-target-075,TRUE
query-target-assignment-1059,query-056,search-target-075,TRUE
query-target-assignment-1060,query-057,search-target-075,TRUE
query-target-assignment-1061,query-058,search-target-075,TRUE
query-target-assignment-1062,query-059,search-target-075,TRUE
query-target-assignment-1063,query-060,search-target-075,TRUE
query-target-assignment-1064,query-061,search-target-075,TRUE
query-target-assignment-1065,query-062,search-target-075,TRUE
query-target-assignment-1066,query-063,search-target-075,TRUE
query-target-assignment-1067,query-064,search-target-075,TRUE
query-target-assignment-1068,query-065,search-target-075,TRUE
query-target-assignment-1069,query-066,search-target-075,TRUE
query-target-assignment-1070,query-067,search-target-075,TRUE
query-target-assignment-1071,query-068,search-target-075,TRUE
query-target-assignment-1072,query-052,search-target-076,TRUE
query-target-assignment-1073,query-053,search-target-076,TRUE
query-target-assignment-1074,query-054,search-target-076,TRUE
query-target-assignment-1075,query-055,search-target-076,TRUE
query-target-assignment-1076,query-056,search-target-076,TRUE
query-target-assignment-1077,query-057,search-target-076,TRUE
query-target-assignment-1078,query-058,search-target-076,TRUE
query-target-assignment-1079,query-059,search-target-076,TRUE
query-target-assignment-1080,query-060,search-target-076,TRUE
query-target-assignment-1081,query-061,search-target-076,TRUE
query-target-assignment-1082,query-062,search-target-076,TRUE
query-target-assignment-1083,query-063,search-target-076,TRUE
query-target-assignment-1084,query-064,search-target-076,TRUE
query-target-assignment-1085,query-065,search-target-076,TRUE
query-target-assignment-1086,query-066,search-target-076,TRUE
query-target-assignment-1087,query-067,search-target-076,TRUE
query-target-assignment-1088,query-068,search-target-076,TRUE
query-target-assignment-1089,query-001,search-target-101,TRUE
query-target-assignment-1090,query-002,search-target-101,TRUE
query-target-assignment-1091,query-003,search-target-101,TRUE
query-target-assignment-1092,query-004,search-target-101,TRUE
query-target-assignment-1093,query-005,search-target-101,TRUE
query-target-assignment-1094,query-006,search-target-101,TRUE
query-target-assignment-1095,query-007,search-target-101,TRUE
query-target-assignment-1096,query-008,search-target-101,TRUE
query-target-assignment-1097,query-009,search-target-101,TRUE
query-target-assignment-1098,query-010,search-target-101,TRUE
query-target-assignment-1099,query-011,search-target-101,TRUE
query-target-assignment-1100,query-012,search-target-101,TRUE
query-target-assignment-1101,query-013,search-target-101,TRUE
query-target-assignment-1102,query-014,search-target-101,TRUE
query-target-assignment-1103,query-015,search-target-101,TRUE
query-target-assignment-1104,query-016,search-target-101,TRUE
query-target-assignment-1105,query-017,search-target-101,TRUE
query-target-assignment-1106,query-001,search-target-102,TRUE
query-target-assignment-1107,query-002,search-target-102,TRUE
query-target-assignment-1108,query-003,search-target-102,TRUE
query-target-assignment-1109,query-004,search-target-102,TRUE
query-target-assignment-1110,query-005,search-target-102,TRUE
query-target-assignment-1111,query-006,search-target-102,TRUE
query-target-assignment-1112,query-007,search-target-102,TRUE
query-target-assignment-1113,query-008,search-target-102,TRUE
query-target-assignment-1114,query-009,search-target-102,TRUE
query-target-assignment-1115,query-010,search-target-102,TRUE
query-target-assignment-1116,query-011,search-target-102,TRUE
query-target-assignment-1117,query-012,search-target-102,TRUE
query-target-assignment-1118,query-013,search-target-102,TRUE
query-target-assignment-1119,query-014,search-target-102,TRUE
query-target-assignment-1120,query-015,search-target-102,TRUE
query-target-assignment-1121,query-016,search-target-102,TRUE
query-target-assignment-1122,query-017,search-target-102,TRUE
query-target-assignment-1123,query-001,search-target-103,TRUE
query-target-assignment-1124,query-002,search-target-103,TRUE
query-target-assignment-1125,query-003,search-target-103,TRUE
query-target-assignment-1126,query-004,search-target-103,TRUE
query-target-assignment-1127,query-005,search-target-103,TRUE
query-target-assignment-1128,query-006,search-target-103,TRUE
query-target-assignment-1129,query-007,search-target-103,TRUE
query-target-assignment-1130,query-008,search-target-103,TRUE
query-target-assignment-1131,query-009,search-target-103,TRUE
query-target-assignment-1132,query-010,search-target-103,TRUE
query-target-assignment-1133,query-011,search-target-103,TRUE
query-target-assignment-1134,query-012,search-target-103,TRUE
query-target-assignment-1135,query-013,search-target-103,TRUE
query-target-assignment-1136,query-014,search-target-103,TRUE
query-target-assignment-1137,query-015,search-target-103,TRUE
query-target-assignment-1138,query-016,search-target-103,TRUE
query-target-assignment-1139,query-017,search-target-103,TRUE
query-target-assignment-1140,query-001,search-target-104,TRUE
query-target-assignment-1141,query-002,search-target-104,TRUE
query-target-assignment-1142,query-003,search-target-104,TRUE
query-target-assignment-1143,query-004,search-target-104,TRUE
query-target-assignment-1144,query-005,search-target-104,TRUE
query-target-assignment-1145,query-006,search-target-104,TRUE
query-target-assignment-1146,query-007,search-target-104,TRUE
query-target-assignment-1147,query-008,search-target-104,TRUE
query-target-assignment-1148,query-009,search-target-104,TRUE
query-target-assignment-1149,query-010,search-target-104,TRUE
query-target-assignment-1150,query-011,search-target-104,TRUE
query-target-assignment-1151,query-012,search-target-104,TRUE
query-target-assignment-1152,query-013,search-target-104,TRUE
query-target-assignment-1153,query-014,search-target-104,TRUE
query-target-assignment-1154,query-015,search-target-104,TRUE
query-target-assignment-1155,query-016,search-target-104,TRUE
query-target-assignment-1156,query-017,search-target-104,TRUE
query-target-assignment-1157,query-018,search-target-105,TRUE
query-target-assignment-1158,query-019,search-target-105,TRUE
query-target-assignment-1159,query-020,search-target-105,TRUE
query-target-assignment-1160,query-021,search-target-105,TRUE
query-target-assignment-1161,query-022,search-target-105,TRUE
query-target-assignment-1162,query-023,search-target-105,TRUE
query-target-assignment-1163,query-024,search-target-105,TRUE
query-target-assignment-1164,query-025,search-target-105,TRUE
query-target-assignment-1165,query-026,search-target-105,TRUE
query-target-assignment-1166,query-027,search-target-105,TRUE
query-target-assignment-1167,query-028,search-target-105,TRUE
query-target-assignment-1168,query-029,search-target-105,TRUE
query-target-assignment-1169,query-030,search-target-105,TRUE
query-target-assignment-1170,query-031,search-target-105,TRUE
query-target-assignment-1171,query-032,search-target-105,TRUE
query-target-assignment-1172,query-033,search-target-105,TRUE
query-target-assignment-1173,query-034,search-target-105,TRUE
query-target-assignment-1174,query-018,search-target-106,TRUE
query-target-assignment-1175,query-019,search-target-106,TRUE
query-target-assignment-1176,query-020,search-target-106,TRUE
query-target-assignment-1177,query-021,search-target-106,TRUE
query-target-assignment-1178,query-022,search-target-106,TRUE
query-target-assignment-1179,query-023,search-target-106,TRUE
query-target-assignment-1180,query-024,search-target-106,TRUE
query-target-assignment-1181,query-025,search-target-106,TRUE
query-target-assignment-1182,query-026,search-target-106,TRUE
query-target-assignment-1183,query-027,search-target-106,TRUE
query-target-assignment-1184,query-028,search-target-106,TRUE
query-target-assignment-1185,query-029,search-target-106,TRUE
query-target-assignment-1186,query-030,search-target-106,TRUE
query-target-assignment-1187,query-031,search-target-106,TRUE
query-target-assignment-1188,query-032,search-target-106,TRUE
query-target-assignment-1189,query-033,search-target-106,TRUE
query-target-assignment-1190,query-034,search-target-106,TRUE
query-target-assignment-1191,query-018,search-target-107,TRUE
query-target-assignment-1192,query-019,search-target-107,TRUE
query-target-assignment-1193,query-020,search-target-107,TRUE
query-target-assignment-1194,query-021,search-target-107,TRUE
query-target-assignment-1195,query-022,search-target-107,TRUE
query-target-assignment-1196,query-023,search-target-107,TRUE
query-target-assignment-1197,query-024,search-target-107,TRUE
query-target-assignment-1198,query-025,search-target-107,TRUE
query-target-assignment-1199,query-026,search-target-107,TRUE
query-target-assignment-1200,query-027,search-target-107,TRUE
query-target-assignment-1201,query-028,search-target-107,TRUE
query-target-assignment-1202,query-029,search-target-107,TRUE
query-target-assignment-1203,query-030,search-target-107,TRUE
query-target-assignment-1204,query-031,search-target-107,TRUE
query-target-assignment-1205,query-032,search-target-107,TRUE
query-target-assignment-1206,query-033,search-target-107,TRUE
query-target-assignment-1207,query-034,search-target-107,TRUE
query-target-assignment-1208,query-018,search-target-108,TRUE
query-target-assignment-1209,query-019,search-target-108,TRUE
query-target-assignment-1210,query-020,search-target-108,TRUE
query-target-assignment-1211,query-021,search-target-108,TRUE
query-target-assignment-1212,query-022,search-target-108,TRUE
query-target-assignment-1213,query-023,search-target-108,TRUE
query-target-assignment-1214,query-024,search-target-108,TRUE
query-target-assignment-1215,query-025,search-target-108,TRUE
query-target-assignment-1216,query-026,search-target-108,TRUE
query-target-assignment-1217,query-027,search-target-108,TRUE
query-target-assignment-1218,query-028,search-target-108,TRUE
query-target-assignment-1219,query-029,search-target-108,TRUE
query-target-assignment-1220,query-030,search-target-108,TRUE
query-target-assignment-1221,query-031,search-target-108,TRUE
query-target-assignment-1222,query-032,search-target-108,TRUE
query-target-assignment-1223,query-033,search-target-108,TRUE
query-target-assignment-1224,query-034,search-target-108,TRUE
query-target-assignment-1225,query-035,search-target-109,TRUE
query-target-assignment-1226,query-036,search-target-109,TRUE
query-target-assignment-1227,query-037,search-target-109,TRUE
query-target-assignment-1228,query-038,search-target-109,TRUE
query-target-assignment-1229,query-039,search-target-109,TRUE
query-target-assignment-1230,query-040,search-target-109,TRUE
query-target-assignment-1231,query-041,search-target-109,TRUE
query-target-assignment-1232,query-042,search-target-109,TRUE
query-target-assignment-1233,query-043,search-target-109,TRUE
query-target-assignment-1234,query-044,search-target-109,TRUE
query-target-assignment-1235,query-045,search-target-109,TRUE
query-target-assignment-1236,query-046,search-target-109,TRUE
query-target-assignment-1237,query-047,search-target-109,TRUE
query-target-assignment-1238,query-048,search-target-109,TRUE
query-target-assignment-1239,query-049,search-target-109,TRUE
query-target-assignment-1240,query-050,search-target-109,TRUE
query-target-assignment-1241,query-051,search-target-109,TRUE
query-target-assignment-1242,query-035,search-target-110,TRUE
query-target-assignment-1243,query-036,search-target-110,TRUE
query-target-assignment-1244,query-037,search-target-110,TRUE
query-target-assignment-1245,query-038,search-target-110,TRUE
query-target-assignment-1246,query-039,search-target-110,TRUE
query-target-assignment-1247,query-040,search-target-110,TRUE
query-target-assignment-1248,query-041,search-target-110,TRUE
query-target-assignment-1249,query-042,search-target-110,TRUE
query-target-assignment-1250,query-043,search-target-110,TRUE
query-target-assignment-1251,query-044,search-target-110,TRUE
query-target-assignment-1252,query-045,search-target-110,TRUE
query-target-assignment-1253,query-046,search-target-110,TRUE
query-target-assignment-1254,query-047,search-target-110,TRUE
query-target-assignment-1255,query-048,search-target-110,TRUE
query-target-assignment-1256,query-049,search-target-110,TRUE
query-target-assignment-1257,query-050,search-target-110,TRUE
query-target-assignment-1258,query-051,search-target-110,TRUE
query-target-assignment-1259,query-035,search-target-111,TRUE
query-target-assignment-1260,query-036,search-target-111,TRUE
query-target-assignment-1261,query-037,search-target-111,TRUE
query-target-assignment-1262,query-038,search-target-111,TRUE
query-target-assignment-1263,query-039,search-target-111,TRUE
query-target-assignment-1264,query-040,search-target-111,TRUE
query-target-assignment-1265,query-041,search-target-111,TRUE
query-target-assignment-1266,query-042,search-target-111,TRUE
query-target-assignment-1267,query-043,search-target-111,TRUE
query-target-assignment-1268,query-044,search-target-111,TRUE
query-target-assignment-1269,query-045,search-target-111,TRUE
query-target-assignment-1270,query-046,search-target-111,TRUE
query-target-assignment-1271,query-047,search-target-111,TRUE
query-target-assignment-1272,query-048,search-target-111,TRUE
query-target-assignment-1273,query-049,search-target-111,TRUE
query-target-assignment-1274,query-050,search-target-111,TRUE
query-target-assignment-1275,query-051,search-target-111,TRUE
query-target-assignment-1276,query-035,search-target-112,TRUE
query-target-assignment-1277,query-036,search-target-112,TRUE
query-target-assignment-1278,query-037,search-target-112,TRUE
query-target-assignment-1279,query-038,search-target-112,TRUE
query-target-assignment-1280,query-039,search-target-112,TRUE
query-target-assignment-1281,query-040,search-target-112,TRUE
query-target-assignment-1282,query-041,search-target-112,TRUE
query-target-assignment-1283,query-042,search-target-112,TRUE
query-target-assignment-1284,query-043,search-target-112,TRUE
query-target-assignment-1285,query-044,search-target-112,TRUE
query-target-assignment-1286,query-045,search-target-112,TRUE
query-target-assignment-1287,query-046,search-target-112,TRUE
query-target-assignment-1288,query-047,search-target-112,TRUE
query-target-assignment-1289,query-048,search-target-112,TRUE
query-target-assignment-1290,query-049,search-target-112,TRUE
query-target-assignment-1291,query-050,search-target-112,TRUE
query-target-assignment-1292,query-051,search-target-112,TRUE
query-target-assignment-1293,query-052,search-target-113,TRUE
query-target-assignment-1294,query-053,search-target-113,TRUE
query-target-assignment-1295,query-054,search-target-113,TRUE
query-target-assignment-1296,query-055,search-target-113,TRUE
query-target-assignment-1297,query-056,search-target-113,TRUE
query-target-assignment-1298,query-057,search-target-113,TRUE
query-target-assignment-1299,query-058,search-target-113,TRUE
query-target-assignment-1300,query-059,search-target-113,TRUE
query-target-assignment-1301,query-060,search-target-113,TRUE
query-target-assignment-1302,query-061,search-target-113,TRUE
query-target-assignment-1303,query-062,search-target-113,TRUE
query-target-assignment-1304,query-063,search-target-113,TRUE
query-target-assignment-1305,query-064,search-target-113,TRUE
query-target-assignment-1306,query-065,search-target-113,TRUE
query-target-assignment-1307,query-066,search-target-113,TRUE
query-target-assignment-1308,query-067,search-target-113,TRUE
query-target-assignment-1309,query-068,search-target-113,TRUE
query-target-assignment-1310,query-052,search-target-114,TRUE
query-target-assignment-1311,query-053,search-target-114,TRUE
query-target-assignment-1312,query-054,search-target-114,TRUE
query-target-assignment-1313,query-055,search-target-114,TRUE
query-target-assignment-1314,query-056,search-target-114,TRUE
query-target-assignment-1315,query-057,search-target-114,TRUE
query-target-assignment-1316,query-058,search-target-114,TRUE
query-target-assignment-1317,query-059,search-target-114,TRUE
query-target-assignment-1318,query-060,search-target-114,TRUE
query-target-assignment-1319,query-061,search-target-114,TRUE
query-target-assignment-1320,query-062,search-target-114,TRUE
query-target-assignment-1321,query-063,search-target-114,TRUE
query-target-assignment-1322,query-064,search-target-114,TRUE
query-target-assignment-1323,query-065,search-target-114,TRUE
query-target-assignment-1324,query-066,search-target-114,TRUE
query-target-assignment-1325,query-067,search-target-114,TRUE
query-target-assignment-1326,query-068,search-target-114,TRUE
query-target-assignment-1327,query-052,search-target-115,TRUE
query-target-assignment-1328,query-053,search-target-115,TRUE
query-target-assignment-1329,query-054,search-target-115,TRUE
query-target-assignment-1330,query-055,search-target-115,TRUE
query-target-assignment-1331,query-056,search-target-115,TRUE
query-target-assignment-1332,query-057,search-target-115,TRUE
query-target-assignment-1333,query-058,search-target-115,TRUE
query-target-assignment-1334,query-059,search-target-115,TRUE
query-target-assignment-1335,query-060,search-target-115,TRUE
query-target-assignment-1336,query-061,search-target-115,TRUE
query-target-assignment-1337,query-062,search-target-115,TRUE
query-target-assignment-1338,query-063,search-target-115,TRUE
query-target-assignment-1339,query-064,search-target-115,TRUE
query-target-assignment-1340,query-065,search-target-115,TRUE
query-target-assignment-1341,query-066,search-target-115,TRUE
query-target-assignment-1342,query-067,search-target-115,TRUE
query-target-assignment-1343,query-068,search-target-115,TRUE
query-target-assignment-1344,query-052,search-target-116,TRUE
query-target-assignment-1345,query-053,search-target-116,TRUE
query-target-assignment-1346,query-054,search-target-116,TRUE
query-target-assignment-1347,query-055,search-target-116,TRUE
query-target-assignment-1348,query-056,search-target-116,TRUE
query-target-assignment-1349,query-057,search-target-116,TRUE
query-target-assignment-1350,query-058,search-target-116,TRUE
query-target-assignment-1351,query-059,search-target-116,TRUE
query-target-assignment-1352,query-060,search-target-116,TRUE
query-target-assignment-1353,query-061,search-target-116,TRUE
query-target-assignment-1354,query-062,search-target-116,TRUE
query-target-assignment-1355,query-063,search-target-116,TRUE
query-target-assignment-1356,query-064,search-target-116,TRUE
query-target-assignment-1357,query-065,search-target-116,TRUE
query-target-assignment-1358,query-066,search-target-116,TRUE
query-target-assignment-1359,query-067,search-target-116,TRUE
query-target-assignment-1360,query-068,search-target-116,TRUE
query-target-assignment-1361,query-001,search-target-121,TRUE
query-target-assignment-1362,query-002,search-target-121,TRUE
query-target-assignment-1363,query-003,search-target-121,TRUE
query-target-assignment-1364,query-004,search-target-121,TRUE
query-target-assignment-1365,query-005,search-target-121,TRUE
query-target-assignment-1366,query-006,search-target-121,TRUE
query-target-assignment-1367,query-007,search-target-121,TRUE
query-target-assignment-1368,query-008,search-target-121,TRUE
query-target-assignment-1369,query-009,search-target-121,TRUE
query-target-assignment-1370,query-010,search-target-121,TRUE
query-target-assignment-1371,query-011,search-target-121,TRUE
query-target-assignment-1372,query-012,search-target-121,TRUE
query-target-assignment-1373,query-013,search-target-121,TRUE
query-target-assignment-1374,query-014,search-target-121,TRUE
query-target-assignment-1375,query-015,search-target-121,TRUE
query-target-assignment-1376,query-016,search-target-121,TRUE
query-target-assignment-1377,query-017,search-target-121,TRUE
query-target-assignment-1378,query-001,search-target-122,TRUE
query-target-assignment-1379,query-002,search-target-122,TRUE
query-target-assignment-1380,query-003,search-target-122,TRUE
query-target-assignment-1381,query-004,search-target-122,TRUE
query-target-assignment-1382,query-005,search-target-122,TRUE
query-target-assignment-1383,query-006,search-target-122,TRUE
query-target-assignment-1384,query-007,search-target-122,TRUE
query-target-assignment-1385,query-008,search-target-122,TRUE
query-target-assignment-1386,query-009,search-target-122,TRUE
query-target-assignment-1387,query-010,search-target-122,TRUE
query-target-assignment-1388,query-011,search-target-122,TRUE
query-target-assignment-1389,query-012,search-target-122,TRUE
query-target-assignment-1390,query-013,search-target-122,TRUE
query-target-assignment-1391,query-014,search-target-122,TRUE
query-target-assignment-1392,query-015,search-target-122,TRUE
query-target-assignment-1393,query-016,search-target-122,TRUE
query-target-assignment-1394,query-017,search-target-122,TRUE
query-target-assignment-1395,query-001,search-target-123,TRUE
query-target-assignment-1396,query-002,search-target-123,TRUE
query-target-assignment-1397,query-003,search-target-123,TRUE
query-target-assignment-1398,query-004,search-target-123,TRUE
query-target-assignment-1399,query-005,search-target-123,TRUE
query-target-assignment-1400,query-006,search-target-123,TRUE
query-target-assignment-1401,query-007,search-target-123,TRUE
query-target-assignment-1402,query-008,search-target-123,TRUE
query-target-assignment-1403,query-009,search-target-123,TRUE
query-target-assignment-1404,query-010,search-target-123,TRUE
query-target-assignment-1405,query-011,search-target-123,TRUE
query-target-assignment-1406,query-012,search-target-123,TRUE
query-target-assignment-1407,query-013,search-target-123,TRUE
query-target-assignment-1408,query-014,search-target-123,TRUE
query-target-assignment-1409,query-015,search-target-123,TRUE
query-target-assignment-1410,query-016,search-target-123,TRUE
query-target-assignment-1411,query-017,search-target-123,TRUE
query-target-assignment-1412,query-001,search-target-124,TRUE
query-target-assignment-1413,query-002,search-target-124,TRUE
query-target-assignment-1414,query-003,search-target-124,TRUE
query-target-assignment-1415,query-004,search-target-124,TRUE
query-target-assignment-1416,query-005,search-target-124,TRUE
query-target-assignment-1417,query-006,search-target-124,TRUE
query-target-assignment-1418,query-007,search-target-124,TRUE
query-target-assignment-1419,query-008,search-target-124,TRUE
query-target-assignment-1420,query-009,search-target-124,TRUE
query-target-assignment-1421,query-010,search-target-124,TRUE
query-target-assignment-1422,query-011,search-target-124,TRUE
query-target-assignment-1423,query-012,search-target-124,TRUE
query-target-assignment-1424,query-013,search-target-124,TRUE
query-target-assignment-1425,query-014,search-target-124,TRUE
query-target-assignment-1426,query-015,search-target-124,TRUE
query-target-assignment-1427,query-016,search-target-124,TRUE
query-target-assignment-1428,query-017,search-target-124,TRUE
query-target-assignment-1429,query-018,search-target-125,TRUE
query-target-assignment-1430,query-019,search-target-125,TRUE
query-target-assignment-1431,query-020,search-target-125,TRUE
query-target-assignment-1432,query-021,search-target-125,TRUE
query-target-assignment-1433,query-022,search-target-125,TRUE
query-target-assignment-1434,query-023,search-target-125,TRUE
query-target-assignment-1435,query-024,search-target-125,TRUE
query-target-assignment-1436,query-025,search-target-125,TRUE
query-target-assignment-1437,query-026,search-target-125,TRUE
query-target-assignment-1438,query-027,search-target-125,TRUE
query-target-assignment-1439,query-028,search-target-125,TRUE
query-target-assignment-1440,query-029,search-target-125,TRUE
query-target-assignment-1441,query-030,search-target-125,TRUE
query-target-assignment-1442,query-031,search-target-125,TRUE
query-target-assignment-1443,query-032,search-target-125,TRUE
query-target-assignment-1444,query-033,search-target-125,TRUE
query-target-assignment-1445,query-034,search-target-125,TRUE
query-target-assignment-1446,query-018,search-target-126,TRUE
query-target-assignment-1447,query-019,search-target-126,TRUE
query-target-assignment-1448,query-020,search-target-126,TRUE
query-target-assignment-1449,query-021,search-target-126,TRUE
query-target-assignment-1450,query-022,search-target-126,TRUE
query-target-assignment-1451,query-023,search-target-126,TRUE
query-target-assignment-1452,query-024,search-target-126,TRUE
query-target-assignment-1453,query-025,search-target-126,TRUE
query-target-assignment-1454,query-026,search-target-126,TRUE
query-target-assignment-1455,query-027,search-target-126,TRUE
query-target-assignment-1456,query-028,search-target-126,TRUE
query-target-assignment-1457,query-029,search-target-126,TRUE
query-target-assignment-1458,query-030,search-target-126,TRUE
query-target-assignment-1459,query-031,search-target-126,TRUE
query-target-assignment-1460,query-032,search-target-126,TRUE
query-target-assignment-1461,query-033,search-target-126,TRUE
query-target-assignment-1462,query-034,search-target-126,TRUE
query-target-assignment-1463,query-018,search-target-127,TRUE
query-target-assignment-1464,query-019,search-target-127,TRUE
query-target-assignment-1465,query-020,search-target-127,TRUE
query-target-assignment-1466,query-021,search-target-127,TRUE
query-target-assignment-1467,query-022,search-target-127,TRUE
query-target-assignment-1468,query-023,search-target-127,TRUE
query-target-assignment-1469,query-024,search-target-127,TRUE
query-target-assignment-1470,query-025,search-target-127,TRUE
query-target-assignment-1471,query-026,search-target-127,TRUE
query-target-assignment-1472,query-027,search-target-127,TRUE
query-target-assignment-1473,query-028,search-target-127,TRUE
query-target-assignment-1474,query-029,search-target-127,TRUE
query-target-assignment-1475,query-030,search-target-127,TRUE
query-target-assignment-1476,query-031,search-target-127,TRUE
query-target-assignment-1477,query-032,search-target-127,TRUE
query-target-assignment-1478,query-033,search-target-127,TRUE
query-target-assignment-1479,query-034,search-target-127,TRUE
query-target-assignment-1480,query-018,search-target-128,TRUE
query-target-assignment-1481,query-019,search-target-128,TRUE
query-target-assignment-1482,query-020,search-target-128,TRUE
query-target-assignment-1483,query-021,search-target-128,TRUE
query-target-assignment-1484,query-022,search-target-128,TRUE
query-target-assignment-1485,query-023,search-target-128,TRUE
query-target-assignment-1486,query-024,search-target-128,TRUE
query-target-assignment-1487,query-025,search-target-128,TRUE
query-target-assignment-1488,query-026,search-target-128,TRUE
query-target-assignment-1489,query-027,search-target-128,TRUE
query-target-assignment-1490,query-028,search-target-128,TRUE
query-target-assignment-1491,query-029,search-target-128,TRUE
query-target-assignment-1492,query-030,search-target-128,TRUE
query-target-assignment-1493,query-031,search-target-128,TRUE
query-target-assignment-1494,query-032,search-target-128,TRUE
query-target-assignment-1495,query-033,search-target-128,TRUE
query-target-assignment-1496,query-034,search-target-128,TRUE
query-target-assignment-1497,query-035,search-target-129,TRUE
query-target-assignment-1498,query-036,search-target-129,TRUE
query-target-assignment-1499,query-037,search-target-129,TRUE
query-target-assignment-1500,query-038,search-target-129,TRUE
query-target-assignment-1501,query-039,search-target-129,TRUE
query-target-assignment-1502,query-040,search-target-129,TRUE
query-target-assignment-1503,query-041,search-target-129,TRUE
query-target-assignment-1504,query-042,search-target-129,TRUE
query-target-assignment-1505,query-043,search-target-129,TRUE
query-target-assignment-1506,query-044,search-target-129,TRUE
query-target-assignment-1507,query-045,search-target-129,TRUE
query-target-assignment-1508,query-046,search-target-129,TRUE
query-target-assignment-1509,query-047,search-target-129,TRUE
query-target-assignment-1510,query-048,search-target-129,TRUE
query-target-assignment-1511,query-049,search-target-129,TRUE
query-target-assignment-1512,query-050,search-target-129,TRUE
query-target-assignment-1513,query-051,search-target-129,TRUE
query-target-assignment-1514,query-035,search-target-130,TRUE
query-target-assignment-1515,query-036,search-target-130,TRUE
query-target-assignment-1516,query-037,search-target-130,TRUE
query-target-assignment-1517,query-038,search-target-130,TRUE
query-target-assignment-1518,query-039,search-target-130,TRUE
query-target-assignment-1519,query-040,search-target-130,TRUE
query-target-assignment-1520,query-041,search-target-130,TRUE
query-target-assignment-1521,query-042,search-target-130,TRUE
query-target-assignment-1522,query-043,search-target-130,TRUE
query-target-assignment-1523,query-044,search-target-130,TRUE
query-target-assignment-1524,query-045,search-target-130,TRUE
query-target-assignment-1525,query-046,search-target-130,TRUE
query-target-assignment-1526,query-047,search-target-130,TRUE
query-target-assignment-1527,query-048,search-target-130,TRUE
query-target-assignment-1528,query-049,search-target-130,TRUE
query-target-assignment-1529,query-050,search-target-130,TRUE
query-target-assignment-1530,query-051,search-target-130,TRUE
query-target-assignment-1531,query-035,search-target-131,TRUE
query-target-assignment-1532,query-036,search-target-131,TRUE
query-target-assignment-1533,query-037,search-target-131,TRUE
query-target-assignment-1534,query-038,search-target-131,TRUE
query-target-assignment-1535,query-039,search-target-131,TRUE
query-target-assignment-1536,query-040,search-target-131,TRUE
query-target-assignment-1537,query-041,search-target-131,TRUE
query-target-assignment-1538,query-042,search-target-131,TRUE
query-target-assignment-1539,query-043,search-target-131,TRUE
query-target-assignment-1540,query-044,search-target-131,TRUE
query-target-assignment-1541,query-045,search-target-131,TRUE
query-target-assignment-1542,query-046,search-target-131,TRUE
query-target-assignment-1543,query-047,search-target-131,TRUE
query-target-assignment-1544,query-048,search-target-131,TRUE
query-target-assignment-1545,query-049,search-target-131,TRUE
query-target-assignment-1546,query-050,search-target-131,TRUE
query-target-assignment-1547,query-051,search-target-131,TRUE
query-target-assignment-1548,query-035,search-target-132,TRUE
query-target-assignment-1549,query-036,search-target-132,TRUE
query-target-assignment-1550,query-037,search-target-132,TRUE
query-target-assignment-1551,query-038,search-target-132,TRUE
query-target-assignment-1552,query-039,search-target-132,TRUE
query-target-assignment-1553,query-040,search-target-132,TRUE
query-target-assignment-1554,query-041,search-target-132,TRUE
query-target-assignment-1555,query-042,search-target-132,TRUE
query-target-assignment-1556,query-043,search-target-132,TRUE
query-target-assignment-1557,query-044,search-target-132,TRUE
query-target-assignment-1558,query-045,search-target-132,TRUE
query-target-assignment-1559,query-046,search-target-132,TRUE
query-target-assignment-1560,query-047,search-target-132,TRUE
query-target-assignment-1561,query-048,search-target-132,TRUE
query-target-assignment-1562,query-049,search-target-132,TRUE
query-target-assignment-1563,query-050,search-target-132,TRUE
query-target-assignment-1564,query-051,search-target-132,TRUE
query-target-assignment-1565,query-052,search-target-133,TRUE
query-target-assignment-1566,query-053,search-target-133,TRUE
query-target-assignment-1567,query-054,search-target-133,TRUE
query-target-assignment-1568,query-055,search-target-133,TRUE
query-target-assignment-1569,query-056,search-target-133,TRUE
query-target-assignment-1570,query-057,search-target-133,TRUE
query-target-assignment-1571,query-058,search-target-133,TRUE
query-target-assignment-1572,query-059,search-target-133,TRUE
query-target-assignment-1573,query-060,search-target-133,TRUE
query-target-assignment-1574,query-061,search-target-133,TRUE
query-target-assignment-1575,query-062,search-target-133,TRUE
query-target-assignment-1576,query-063,search-target-133,TRUE
query-target-assignment-1577,query-064,search-target-133,TRUE
query-target-assignment-1578,query-065,search-target-133,TRUE
query-target-assignment-1579,query-066,search-target-133,TRUE
query-target-assignment-1580,query-067,search-target-133,TRUE
query-target-assignment-1581,query-068,search-target-133,TRUE
query-target-assignment-1582,query-052,search-target-134,TRUE
query-target-assignment-1583,query-053,search-target-134,TRUE
query-target-assignment-1584,query-054,search-target-134,TRUE
query-target-assignment-1585,query-055,search-target-134,TRUE
query-target-assignment-1586,query-056,search-target-134,TRUE
query-target-assignment-1587,query-057,search-target-134,TRUE
query-target-assignment-1588,query-058,search-target-134,TRUE
query-target-assignment-1589,query-059,search-target-134,TRUE
query-target-assignment-1590,query-060,search-target-134,TRUE
query-target-assignment-1591,query-061,search-target-134,TRUE
query-target-assignment-1592,query-062,search-target-134,TRUE
query-target-assignment-1593,query-063,search-target-134,TRUE
query-target-assignment-1594,query-064,search-target-134,TRUE
query-target-assignment-1595,query-065,search-target-134,TRUE
query-target-assignment-1596,query-066,search-target-134,TRUE
query-target-assignment-1597,query-067,search-target-134,TRUE
query-target-assignment-1598,query-068,search-target-134,TRUE
query-target-assignment-1599,query-052,search-target-135,TRUE
query-target-assignment-1600,query-053,search-target-135,TRUE
query-target-assignment-1601,query-054,search-target-135,TRUE
query-target-assignment-1602,query-055,search-target-135,TRUE
query-target-assignment-1603,query-056,search-target-135,TRUE
query-target-assignment-1604,query-057,search-target-135,TRUE
query-target-assignment-1605,query-058,search-target-135,TRUE
query-target-assignment-1606,query-059,search-target-135,TRUE
query-target-assignment-1607,query-060,search-target-135,TRUE
query-target-assignment-1608,query-061,search-target-135,TRUE
query-target-assignment-1609,query-062,search-target-135,TRUE
query-target-assignment-1610,query-063,search-target-135,TRUE
query-target-assignment-1611,query-064,search-target-135,TRUE
query-target-assignment-1612,query-065,search-target-135,TRUE
query-target-assignment-1613,query-066,search-target-135,TRUE
query-target-assignment-1614,query-067,search-target-135,TRUE
query-target-assignment-1615,query-068,search-target-135,TRUE
query-target-assignment-1616,query-052,search-target-136,TRUE
query-target-assignment-1617,query-053,search-target-136,TRUE
query-target-assignment-1618,query-054,search-target-136,TRUE
query-target-assignment-1619,query-055,search-target-136,TRUE
query-target-assignment-1620,query-056,search-target-136,TRUE
query-target-assignment-1621,query-057,search-target-136,TRUE
query-target-assignment-1622,query-058,search-target-136,TRUE
query-target-assignment-1623,query-059,search-target-136,TRUE
query-target-assignment-1624,query-060,search-target-136,TRUE
query-target-assignment-1625,query-061,search-target-136,TRUE
query-target-assignment-1626,query-062,search-target-136,TRUE
query-target-assignment-1627,query-063,search-target-136,TRUE
query-target-assignment-1628,query-064,search-target-136,TRUE
query-target-assignment-1629,query-065,search-target-136,TRUE
query-target-assignment-1630,query-066,search-target-136,TRUE
query-target-assignment-1631,query-067,search-target-136,TRUE
query-target-assignment-1632,query-068,search-target-136,TRUE
query-target-assignment-1633,query-001,search-target-141,TRUE
query-target-assignment-1634,query-002,search-target-141,TRUE
query-target-assignment-1635,query-003,search-target-141,TRUE
query-target-assignment-1636,query-004,search-target-141,TRUE
query-target-assignment-1637,query-005,search-target-141,TRUE
query-target-assignment-1638,query-006,search-target-141,TRUE
query-target-assignment-1639,query-007,search-target-141,TRUE
query-target-assignment-1640,query-008,search-target-141,TRUE
query-target-assignment-1641,query-009,search-target-141,TRUE
query-target-assignment-1642,query-010,search-target-141,TRUE
query-target-assignment-1643,query-011,search-target-141,TRUE
query-target-assignment-1644,query-012,search-target-141,TRUE
query-target-assignment-1645,query-013,search-target-141,TRUE
query-target-assignment-1646,query-014,search-target-141,TRUE
query-target-assignment-1647,query-015,search-target-141,TRUE
query-target-assignment-1648,query-016,search-target-141,TRUE
query-target-assignment-1649,query-017,search-target-141,TRUE
query-target-assignment-1650,query-001,search-target-142,TRUE
query-target-assignment-1651,query-002,search-target-142,TRUE
query-target-assignment-1652,query-003,search-target-142,TRUE
query-target-assignment-1653,query-004,search-target-142,TRUE
query-target-assignment-1654,query-005,search-target-142,TRUE
query-target-assignment-1655,query-006,search-target-142,TRUE
query-target-assignment-1656,query-007,search-target-142,TRUE
query-target-assignment-1657,query-008,search-target-142,TRUE
query-target-assignment-1658,query-009,search-target-142,TRUE
query-target-assignment-1659,query-010,search-target-142,TRUE
query-target-assignment-1660,query-011,search-target-142,TRUE
query-target-assignment-1661,query-012,search-target-142,TRUE
query-target-assignment-1662,query-013,search-target-142,TRUE
query-target-assignment-1663,query-014,search-target-142,TRUE
query-target-assignment-1664,query-015,search-target-142,TRUE
query-target-assignment-1665,query-016,search-target-142,TRUE
query-target-assignment-1666,query-017,search-target-142,TRUE
query-target-assignment-1667,query-001,search-target-143,TRUE
query-target-assignment-1668,query-002,search-target-143,TRUE
query-target-assignment-1669,query-003,search-target-143,TRUE
query-target-assignment-1670,query-004,search-target-143,TRUE
query-target-assignment-1671,query-005,search-target-143,TRUE
query-target-assignment-1672,query-006,search-target-143,TRUE
query-target-assignment-1673,query-007,search-target-143,TRUE
query-target-assignment-1674,query-008,search-target-143,TRUE
query-target-assignment-1675,query-009,search-target-143,TRUE
query-target-assignment-1676,query-010,search-target-143,TRUE
query-target-assignment-1677,query-011,search-target-143,TRUE
query-target-assignment-1678,query-012,search-target-143,TRUE
query-target-assignment-1679,query-013,search-target-143,TRUE
query-target-assignment-1680,query-014,search-target-143,TRUE
query-target-assignment-1681,query-015,search-target-143,TRUE
query-target-assignment-1682,query-016,search-target-143,TRUE
query-target-assignment-1683,query-017,search-target-143,TRUE
query-target-assignment-1684,query-001,search-target-144,TRUE
query-target-assignment-1685,query-002,search-target-144,TRUE
query-target-assignment-1686,query-003,search-target-144,TRUE
query-target-assignment-1687,query-004,search-target-144,TRUE
query-target-assignment-1688,query-005,search-target-144,TRUE
query-target-assignment-1689,query-006,search-target-144,TRUE
query-target-assignment-1690,query-007,search-target-144,TRUE
query-target-assignment-1691,query-008,search-target-144,TRUE
query-target-assignment-1692,query-009,search-target-144,TRUE
query-target-assignment-1693,query-010,search-target-144,TRUE
query-target-assignment-1694,query-011,search-target-144,TRUE
query-target-assignment-1695,query-012,search-target-144,TRUE
query-target-assignment-1696,query-013,search-target-144,TRUE
query-target-assignment-1697,query-014,search-target-144,TRUE
query-target-assignment-1698,query-015,search-target-144,TRUE
query-target-assignment-1699,query-016,search-target-144,TRUE
query-target-assignment-1700,query-017,search-target-144,TRUE
query-target-assignment-1701,query-018,search-target-145,TRUE
query-target-assignment-1702,query-019,search-target-145,TRUE
query-target-assignment-1703,query-020,search-target-145,TRUE
query-target-assignment-1704,query-021,search-target-145,TRUE
query-target-assignment-1705,query-022,search-target-145,TRUE
query-target-assignment-1706,query-023,search-target-145,TRUE
query-target-assignment-1707,query-024,search-target-145,TRUE
query-target-assignment-1708,query-025,search-target-145,TRUE
query-target-assignment-1709,query-026,search-target-145,TRUE
query-target-assignment-1710,query-027,search-target-145,TRUE
query-target-assignment-1711,query-028,search-target-145,TRUE
query-target-assignment-1712,query-029,search-target-145,TRUE
query-target-assignment-1713,query-030,search-target-145,TRUE
query-target-assignment-1714,query-031,search-target-145,TRUE
query-target-assignment-1715,query-032,search-target-145,TRUE
query-target-assignment-1716,query-033,search-target-145,TRUE
query-target-assignment-1717,query-034,search-target-145,TRUE
query-target-assignment-1718,query-018,search-target-146,TRUE
query-target-assignment-1719,query-019,search-target-146,TRUE
query-target-assignment-1720,query-020,search-target-146,TRUE
query-target-assignment-1721,query-021,search-target-146,TRUE
query-target-assignment-1722,query-022,search-target-146,TRUE
query-target-assignment-1723,query-023,search-target-146,TRUE
query-target-assignment-1724,query-024,search-target-146,TRUE
query-target-assignment-1725,query-025,search-target-146,TRUE
query-target-assignment-1726,query-026,search-target-146,TRUE
query-target-assignment-1727,query-027,search-target-146,TRUE
query-target-assignment-1728,query-028,search-target-146,TRUE
query-target-assignment-1729,query-029,search-target-146,TRUE
query-target-assignment-1730,query-030,search-target-146,TRUE
query-target-assignment-1731,query-031,search-target-146,TRUE
query-target-assignment-1732,query-032,search-target-146,TRUE
query-target-assignment-1733,query-033,search-target-146,TRUE
query-target-assignment-1734,query-034,search-target-146,TRUE
query-target-assignment-1735,query-018,search-target-147,TRUE
query-target-assignment-1736,query-019,search-target-147,TRUE
query-target-assignment-1737,query-020,search-target-147,TRUE
query-target-assignment-1738,query-021,search-target-147,TRUE
query-target-assignment-1739,query-022,search-target-147,TRUE
query-target-assignment-1740,query-023,search-target-147,TRUE
query-target-assignment-1741,query-024,search-target-147,TRUE
query-target-assignment-1742,query-025,search-target-147,TRUE
query-target-assignment-1743,query-026,search-target-147,TRUE
query-target-assignment-1744,query-027,search-target-147,TRUE
query-target-assignment-1745,query-028,search-target-147,TRUE
query-target-assignment-1746,query-029,search-target-147,TRUE
query-target-assignment-1747,query-030,search-target-147,TRUE
query-target-assignment-1748,query-031,search-target-147,TRUE
query-target-assignment-1749,query-032,search-target-147,TRUE
query-target-assignment-1750,query-033,search-target-147,TRUE
query-target-assignment-1751,query-034,search-target-147,TRUE
query-target-assignment-1752,query-018,search-target-148,TRUE
query-target-assignment-1753,query-019,search-target-148,TRUE
query-target-assignment-1754,query-020,search-target-148,TRUE
query-target-assignment-1755,query-021,search-target-148,TRUE
query-target-assignment-1756,query-022,search-target-148,TRUE
query-target-assignment-1757,query-023,search-target-148,TRUE
query-target-assignment-1758,query-024,search-target-148,TRUE
query-target-assignment-1759,query-025,search-target-148,TRUE
query-target-assignment-1760,query-026,search-target-148,TRUE
query-target-assignment-1761,query-027,search-target-148,TRUE
query-target-assignment-1762,query-028,search-target-148,TRUE
query-target-assignment-1763,query-029,search-target-148,TRUE
query-target-assignment-1764,query-030,search-target-148,TRUE
query-target-assignment-1765,query-031,search-target-148,TRUE
query-target-assignment-1766,query-032,search-target-148,TRUE
query-target-assignment-1767,query-033,search-target-148,TRUE
query-target-assignment-1768,query-034,search-target-148,TRUE
query-target-assignment-1769,query-035,search-target-149,TRUE
query-target-assignment-1770,query-036,search-target-149,TRUE
query-target-assignment-1771,query-037,search-target-149,TRUE
query-target-assignment-1772,query-038,search-target-149,TRUE
query-target-assignment-1773,query-039,search-target-149,TRUE
query-target-assignment-1774,query-040,search-target-149,TRUE
query-target-assignment-1775,query-041,search-target-149,TRUE
query-target-assignment-1776,query-042,search-target-149,TRUE
query-target-assignment-1777,query-043,search-target-149,TRUE
query-target-assignment-1778,query-044,search-target-149,TRUE
query-target-assignment-1779,query-045,search-target-149,TRUE
query-target-assignment-1780,query-046,search-target-149,TRUE
query-target-assignment-1781,query-047,search-target-149,TRUE
query-target-assignment-1782,query-048,search-target-149,TRUE
query-target-assignment-1783,query-049,search-target-149,TRUE
query-target-assignment-1784,query-050,search-target-149,TRUE
query-target-assignment-1785,query-051,search-target-149,TRUE
query-target-assignment-1786,query-035,search-target-150,TRUE
query-target-assignment-1787,query-036,search-target-150,TRUE
query-target-assignment-1788,query-037,search-target-150,TRUE
query-target-assignment-1789,query-038,search-target-150,TRUE
query-target-assignment-1790,query-039,search-target-150,TRUE
query-target-assignment-1791,query-040,search-target-150,TRUE
query-target-assignment-1792,query-041,search-target-150,TRUE
query-target-assignment-1793,query-042,search-target-150,TRUE
query-target-assignment-1794,query-043,search-target-150,TRUE
query-target-assignment-1795,query-044,search-target-150,TRUE
query-target-assignment-1796,query-045,search-target-150,TRUE
query-target-assignment-1797,query-046,search-target-150,TRUE
query-target-assignment-1798,query-047,search-target-150,TRUE
query-target-assignment-1799,query-048,search-target-150,TRUE
query-target-assignment-1800,query-049,search-target-150,TRUE
query-target-assignment-1801,query-050,search-target-150,TRUE
query-target-assignment-1802,query-051,search-target-150,TRUE
query-target-assignment-1803,query-035,search-target-151,TRUE
query-target-assignment-1804,query-036,search-target-151,TRUE
query-target-assignment-1805,query-037,search-target-151,TRUE
query-target-assignment-1806,query-038,search-target-151,TRUE
query-target-assignment-1807,query-039,search-target-151,TRUE
query-target-assignment-1808,query-040,search-target-151,TRUE
query-target-assignment-1809,query-041,search-target-151,TRUE
query-target-assignment-1810,query-042,search-target-151,TRUE
query-target-assignment-1811,query-043,search-target-151,TRUE
query-target-assignment-1812,query-044,search-target-151,TRUE
query-target-assignment-1813,query-045,search-target-151,TRUE
query-target-assignment-1814,query-046,search-target-151,TRUE
query-target-assignment-1815,query-047,search-target-151,TRUE
query-target-assignment-1816,query-048,search-target-151,TRUE
query-target-assignment-1817,query-049,search-target-151,TRUE
query-target-assignment-1818,query-050,search-target-151,TRUE
query-target-assignment-1819,query-051,search-target-151,TRUE
query-target-assignment-1820,query-035,search-target-152,TRUE
query-target-assignment-1821,query-036,search-target-152,TRUE
query-target-assignment-1822,query-037,search-target-152,TRUE
query-target-assignment-1823,query-038,search-target-152,TRUE
query-target-assignment-1824,query-039,search-target-152,TRUE
query-target-assignment-1825,query-040,search-target-152,TRUE
query-target-assignment-1826,query-041,search-target-152,TRUE
query-target-assignment-1827,query-042,search-target-152,TRUE
query-target-assignment-1828,query-043,search-target-152,TRUE
query-target-assignment-1829,query-044,search-target-152,TRUE
query-target-assignment-1830,query-045,search-target-152,TRUE
query-target-assignment-1831,query-046,search-target-152,TRUE
query-target-assignment-1832,query-047,search-target-152,TRUE
query-target-assignment-1833,query-048,search-target-152,TRUE
query-target-assignment-1834,query-049,search-target-152,TRUE
query-target-assignment-1835,query-050,search-target-152,TRUE
query-target-assignment-1836,query-051,search-target-152,TRUE
query-target-assignment-1837,query-052,search-target-153,TRUE
query-target-assignment-1838,query-053,search-target-153,TRUE
query-target-assignment-1839,query-054,search-target-153,TRUE
query-target-assignment-1840,query-055,search-target-153,TRUE
query-target-assignment-1841,query-056,search-target-153,TRUE
query-target-assignment-1842,query-057,search-target-153,TRUE
query-target-assignment-1843,query-058,search-target-153,TRUE
query-target-assignment-1844,query-059,search-target-153,TRUE
query-target-assignment-1845,query-060,search-target-153,TRUE
query-target-assignment-1846,query-061,search-target-153,TRUE
query-target-assignment-1847,query-062,search-target-153,TRUE
query-target-assignment-1848,query-063,search-target-153,TRUE
query-target-assignment-1849,query-064,search-target-153,TRUE
query-target-assignment-1850,query-065,search-target-153,TRUE
query-target-assignment-1851,query-066,search-target-153,TRUE
query-target-assignment-1852,query-067,search-target-153,TRUE
query-target-assignment-1853,query-068,search-target-153,TRUE
query-target-assignment-1854,query-052,search-target-154,TRUE
query-target-assignment-1855,query-053,search-target-154,TRUE
query-target-assignment-1856,query-054,search-target-154,TRUE
query-target-assignment-1857,query-055,search-target-154,TRUE
query-target-assignment-1858,query-056,search-target-154,TRUE
query-target-assignment-1859,query-057,search-target-154,TRUE
query-target-assignment-1860,query-058,search-target-154,TRUE
query-target-assignment-1861,query-059,search-target-154,TRUE
query-target-assignment-1862,query-060,search-target-154,TRUE
query-target-assignment-1863,query-061,search-target-154,TRUE
query-target-assignment-1864,query-062,search-target-154,TRUE
query-target-assignment-1865,query-063,search-target-154,TRUE
query-target-assignment-1866,query-064,search-target-154,TRUE
query-target-assignment-1867,query-065,search-target-154,TRUE
query-target-assignment-1868,query-066,search-target-154,TRUE
query-target-assignment-1869,query-067,search-target-154,TRUE
query-target-assignment-1870,query-068,search-target-154,TRUE
query-target-assignment-1871,query-052,search-target-155,TRUE
query-target-assignment-1872,query-053,search-target-155,TRUE
query-target-assignment-1873,query-054,search-target-155,TRUE
query-target-assignment-1874,query-055,search-target-155,TRUE
query-target-assignment-1875,query-056,search-target-155,TRUE
query-target-assignment-1876,query-057,search-target-155,TRUE
query-target-assignment-1877,query-058,search-target-155,TRUE
query-target-assignment-1878,query-059,search-target-155,TRUE
query-target-assignment-1879,query-060,search-target-155,TRUE
query-target-assignment-1880,query-061,search-target-155,TRUE
query-target-assignment-1881,query-062,search-target-155,TRUE
query-target-assignment-1882,query-063,search-target-155,TRUE
query-target-assignment-1883,query-064,search-target-155,TRUE
query-target-assignment-1884,query-065,search-target-155,TRUE
query-target-assignment-1885,query-066,search-target-155,TRUE
query-target-assignment-1886,query-067,search-target-155,TRUE
query-target-assignment-1887,query-068,search-target-155,TRUE
query-target-assignment-1888,query-052,search-target-156,TRUE
query-target-assignment-1889,query-053,search-target-156,TRUE
query-target-assignment-1890,query-054,search-target-156,TRUE
query-target-assignment-1891,query-055,search-target-156,TRUE
query-target-assignment-1892,query-056,search-target-156,TRUE
query-target-assignment-1893,query-057,search-target-156,TRUE
query-target-assignment-1894,query-058,search-target-156,TRUE
query-target-assignment-1895,query-059,search-target-156,TRUE
query-target-assignment-1896,query-060,search-target-156,TRUE
query-target-assignment-1897,query-061,search-target-156,TRUE
query-target-assignment-1898,query-062,search-target-156,TRUE
query-target-assignment-1899,query-063,search-target-156,TRUE
query-target-assignment-1900,query-064,search-target-156,TRUE
query-target-assignment-1901,query-065,search-target-156,TRUE
query-target-assignment-1902,query-066,search-target-156,TRUE
query-target-assignment-1903,query-067,search-target-156,TRUE
query-target-assignment-1904,query-068,search-target-156,TRUE
query-target-assignment-1905,query-001,search-target-161,TRUE
query-target-assignment-1906,query-002,search-target-161,TRUE
query-target-assignment-1907,query-003,search-target-161,TRUE
query-target-assignment-1908,query-004,search-target-161,TRUE
query-target-assignment-1909,query-005,search-target-161,TRUE
query-target-assignment-1910,query-006,search-target-161,TRUE
query-target-assignment-1911,query-007,search-target-161,TRUE
query-target-assignment-1912,query-008,search-target-161,TRUE
query-target-assignment-1913,query-009,search-target-161,TRUE
query-target-assignment-1914,query-010,search-target-161,TRUE
query-target-assignment-1915,query-011,search-target-161,TRUE
query-target-assignment-1916,query-012,search-target-161,TRUE
query-target-assignment-1917,query-013,search-target-161,TRUE
query-target-assignment-1918,query-014,search-target-161,TRUE
query-target-assignment-1919,query-015,search-target-161,TRUE
query-target-assignment-1920,query-016,search-target-161,TRUE
query-target-assignment-1921,query-017,search-target-161,TRUE
query-target-assignment-1922,query-001,search-target-162,TRUE
query-target-assignment-1923,query-002,search-target-162,TRUE
query-target-assignment-1924,query-003,search-target-162,TRUE
query-target-assignment-1925,query-004,search-target-162,TRUE
query-target-assignment-1926,query-005,search-target-162,TRUE
query-target-assignment-1927,query-006,search-target-162,TRUE
query-target-assignment-1928,query-007,search-target-162,TRUE
query-target-assignment-1929,query-008,search-target-162,TRUE
query-target-assignment-1930,query-009,search-target-162,TRUE
query-target-assignment-1931,query-010,search-target-162,TRUE
query-target-assignment-1932,query-011,search-target-162,TRUE
query-target-assignment-1933,query-012,search-target-162,TRUE
query-target-assignment-1934,query-013,search-target-162,TRUE
query-target-assignment-1935,query-014,search-target-162,TRUE
query-target-assignment-1936,query-015,search-target-162,TRUE
query-target-assignment-1937,query-016,search-target-162,TRUE
query-target-assignment-1938,query-017,search-target-162,TRUE
query-target-assignment-1939,query-001,search-target-163,TRUE
query-target-assignment-1940,query-002,search-target-163,TRUE
query-target-assignment-1941,query-003,search-target-163,TRUE
query-target-assignment-1942,query-004,search-target-163,TRUE
query-target-assignment-1943,query-005,search-target-163,TRUE
query-target-assignment-1944,query-006,search-target-163,TRUE
query-target-assignment-1945,query-007,search-target-163,TRUE
query-target-assignment-1946,query-008,search-target-163,TRUE
query-target-assignment-1947,query-009,search-target-163,TRUE
query-target-assignment-1948,query-010,search-target-163,TRUE
query-target-assignment-1949,query-011,search-target-163,TRUE
query-target-assignment-1950,query-012,search-target-163,TRUE
query-target-assignment-1951,query-013,search-target-163,TRUE
query-target-assignment-1952,query-014,search-target-163,TRUE
query-target-assignment-1953,query-015,search-target-163,TRUE
query-target-assignment-1954,query-016,search-target-163,TRUE
query-target-assignment-1955,query-017,search-target-163,TRUE
query-target-assignment-1956,query-001,search-target-164,TRUE
query-target-assignment-1957,query-002,search-target-164,TRUE
query-target-assignment-1958,query-003,search-target-164,TRUE
query-target-assignment-1959,query-004,search-target-164,TRUE
query-target-assignment-1960,query-005,search-target-164,TRUE
query-target-assignment-1961,query-006,search-target-164,TRUE
query-target-assignment-1962,query-007,search-target-164,TRUE
query-target-assignment-1963,query-008,search-target-164,TRUE
query-target-assignment-1964,query-009,search-target-164,TRUE
query-target-assignment-1965,query-010,search-target-164,TRUE
query-target-assignment-1966,query-011,search-target-164,TRUE
query-target-assignment-1967,query-012,search-target-164,TRUE
query-target-assignment-1968,query-013,search-target-164,TRUE
query-target-assignment-1969,query-014,search-target-164,TRUE
query-target-assignment-1970,query-015,search-target-164,TRUE
query-target-assignment-1971,query-016,search-target-164,TRUE
query-target-assignment-1972,query-017,search-target-164,TRUE
query-target-assignment-1973,query-018,search-target-165,TRUE
query-target-assignment-1974,query-019,search-target-165,TRUE
query-target-assignment-1975,query-020,search-target-165,TRUE
query-target-assignment-1976,query-021,search-target-165,TRUE
query-target-assignment-1977,query-022,search-target-165,TRUE
query-target-assignment-1978,query-023,search-target-165,TRUE
query-target-assignment-1979,query-024,search-target-165,TRUE
query-target-assignment-1980,query-025,search-target-165,TRUE
query-target-assignment-1981,query-026,search-target-165,TRUE
query-target-assignment-1982,query-027,search-target-165,TRUE
query-target-assignment-1983,query-028,search-target-165,TRUE
query-target-assignment-1984,query-029,search-target-165,TRUE
query-target-assignment-1985,query-030,search-target-165,TRUE
query-target-assignment-1986,query-031,search-target-165,TRUE
query-target-assignment-1987,query-032,search-target-165,TRUE
query-target-assignment-1988,query-033,search-target-165,TRUE
query-target-assignment-1989,query-034,search-target-165,TRUE
query-target-assignment-1990,query-018,search-target-166,TRUE
query-target-assignment-1991,query-019,search-target-166,TRUE
query-target-assignment-1992,query-020,search-target-166,TRUE
query-target-assignment-1993,query-021,search-target-166,TRUE
query-target-assignment-1994,query-022,search-target-166,TRUE
query-target-assignment-1995,query-023,search-target-166,TRUE
query-target-assignment-1996,query-024,search-target-166,TRUE
query-target-assignment-1997,query-025,search-target-166,TRUE
query-target-assignment-1998,query-026,search-target-166,TRUE
query-target-assignment-1999,query-027,search-target-166,TRUE
query-target-assignment-2000,query-028,search-target-166,TRUE
query-target-assignment-2001,query-029,search-target-166,TRUE
query-target-assignment-2002,query-030,search-target-166,TRUE
query-target-assignment-2003,query-031,search-target-166,TRUE
query-target-assignment-2004,query-032,search-target-166,TRUE
query-target-assignment-2005,query-033,search-target-166,TRUE
query-target-assignment-2006,query-034,search-target-166,TRUE
query-target-assignment-2007,query-018,search-target-167,TRUE
query-target-assignment-2008,query-019,search-target-167,TRUE
query-target-assignment-2009,query-020,search-target-167,TRUE
query-target-assignment-2010,query-021,search-target-167,TRUE
query-target-assignment-2011,query-022,search-target-167,TRUE
query-target-assignment-2012,query-023,search-target-167,TRUE
query-target-assignment-2013,query-024,search-target-167,TRUE
query-target-assignment-2014,query-025,search-target-167,TRUE
query-target-assignment-2015,query-026,search-target-167,TRUE
query-target-assignment-2016,query-027,search-target-167,TRUE
query-target-assignment-2017,query-028,search-target-167,TRUE
query-target-assignment-2018,query-029,search-target-167,TRUE
query-target-assignment-2019,query-030,search-target-167,TRUE
query-target-assignment-2020,query-031,search-target-167,TRUE
query-target-assignment-2021,query-032,search-target-167,TRUE
query-target-assignment-2022,query-033,search-target-167,TRUE
query-target-assignment-2023,query-034,search-target-167,TRUE
query-target-assignment-2024,query-018,search-target-168,TRUE
query-target-assignment-2025,query-019,search-target-168,TRUE
query-target-assignment-2026,query-020,search-target-168,TRUE
query-target-assignment-2027,query-021,search-target-168,TRUE
query-target-assignment-2028,query-022,search-target-168,TRUE
query-target-assignment-2029,query-023,search-target-168,TRUE
query-target-assignment-2030,query-024,search-target-168,TRUE
query-target-assignment-2031,query-025,search-target-168,TRUE
query-target-assignment-2032,query-026,search-target-168,TRUE
query-target-assignment-2033,query-027,search-target-168,TRUE
query-target-assignment-2034,query-028,search-target-168,TRUE
query-target-assignment-2035,query-029,search-target-168,TRUE
query-target-assignment-2036,query-030,search-target-168,TRUE
query-target-assignment-2037,query-031,search-target-168,TRUE
query-target-assignment-2038,query-032,search-target-168,TRUE
query-target-assignment-2039,query-033,search-target-168,TRUE
query-target-assignment-2040,query-034,search-target-168,TRUE
query-target-assignment-2041,query-035,search-target-169,TRUE
query-target-assignment-2042,query-036,search-target-169,TRUE
query-target-assignment-2043,query-037,search-target-169,TRUE
query-target-assignment-2044,query-038,search-target-169,TRUE
query-target-assignment-2045,query-039,search-target-169,TRUE
query-target-assignment-2046,query-040,search-target-169,TRUE
query-target-assignment-2047,query-041,search-target-169,TRUE
query-target-assignment-2048,query-042,search-target-169,TRUE
query-target-assignment-2049,query-043,search-target-169,TRUE
query-target-assignment-2050,query-044,search-target-169,TRUE
query-target-assignment-2051,query-045,search-target-169,TRUE
query-target-assignment-2052,query-046,search-target-169,TRUE
query-target-assignment-2053,query-047,search-target-169,TRUE
query-target-assignment-2054,query-048,search-target-169,TRUE
query-target-assignment-2055,query-049,search-target-169,TRUE
query-target-assignment-2056,query-050,search-target-169,TRUE
query-target-assignment-2057,query-051,search-target-169,TRUE
query-target-assignment-2058,query-035,search-target-170,TRUE
query-target-assignment-2059,query-036,search-target-170,TRUE
query-target-assignment-2060,query-037,search-target-170,TRUE
query-target-assignment-2061,query-038,search-target-170,TRUE
query-target-assignment-2062,query-039,search-target-170,TRUE
query-target-assignment-2063,query-040,search-target-170,TRUE
query-target-assignment-2064,query-041,search-target-170,TRUE
query-target-assignment-2065,query-042,search-target-170,TRUE
query-target-assignment-2066,query-043,search-target-170,TRUE
query-target-assignment-2067,query-044,search-target-170,TRUE
query-target-assignment-2068,query-045,search-target-170,TRUE
query-target-assignment-2069,query-046,search-target-170,TRUE
query-target-assignment-2070,query-047,search-target-170,TRUE
query-target-assignment-2071,query-048,search-target-170,TRUE
query-target-assignment-2072,query-049,search-target-170,TRUE
query-target-assignment-2073,query-050,search-target-170,TRUE
query-target-assignment-2074,query-051,search-target-170,TRUE
query-target-assignment-2075,query-035,search-target-171,TRUE
query-target-assignment-2076,query-036,search-target-171,TRUE
query-target-assignment-2077,query-037,search-target-171,TRUE
query-target-assignment-2078,query-038,search-target-171,TRUE
query-target-assignment-2079,query-039,search-target-171,TRUE
query-target-assignment-2080,query-040,search-target-171,TRUE
query-target-assignment-2081,query-041,search-target-171,TRUE
query-target-assignment-2082,query-042,search-target-171,TRUE
query-target-assignment-2083,query-043,search-target-171,TRUE
query-target-assignment-2084,query-044,search-target-171,TRUE
query-target-assignment-2085,query-045,search-target-171,TRUE
query-target-assignment-2086,query-046,search-target-171,TRUE
query-target-assignment-2087,query-047,search-target-171,TRUE
query-target-assignment-2088,query-048,search-target-171,TRUE
query-target-assignment-2089,query-049,search-target-171,TRUE
query-target-assignment-2090,query-050,search-target-171,TRUE
query-target-assignment-2091,query-051,search-target-171,TRUE
query-target-assignment-2092,query-035,search-target-172,TRUE
query-target-assignment-2093,query-036,search-target-172,TRUE
query-target-assignment-2094,query-037,search-target-172,TRUE
query-target-assignment-2095,query-038,search-target-172,TRUE
query-target-assignment-2096,query-039,search-target-172,TRUE
query-target-assignment-2097,query-040,search-target-172,TRUE
query-target-assignment-2098,query-041,search-target-172,TRUE
query-target-assignment-2099,query-042,search-target-172,TRUE
query-target-assignment-2100,query-043,search-target-172,TRUE
query-target-assignment-2101,query-044,search-target-172,TRUE
query-target-assignment-2102,query-045,search-target-172,TRUE
query-target-assignment-2103,query-046,search-target-172,TRUE
query-target-assignment-2104,query-047,search-target-172,TRUE
query-target-assignment-2105,query-048,search-target-172,TRUE
query-target-assignment-2106,query-049,search-target-172,TRUE
query-target-assignment-2107,query-050,search-target-172,TRUE
query-target-assignment-2108,query-051,search-target-172,TRUE
query-target-assignment-2109,query-052,search-target-173,TRUE
query-target-assignment-2110,query-053,search-target-173,TRUE
query-target-assignment-2111,query-054,search-target-173,TRUE
query-target-assignment-2112,query-055,search-target-173,TRUE
query-target-assignment-2113,query-056,search-target-173,TRUE
query-target-assignment-2114,query-057,search-target-173,TRUE
query-target-assignment-2115,query-058,search-target-173,TRUE
query-target-assignment-2116,query-059,search-target-173,TRUE
query-target-assignment-2117,query-060,search-target-173,TRUE
query-target-assignment-2118,query-061,search-target-173,TRUE
query-target-assignment-2119,query-062,search-target-173,TRUE
query-target-assignment-2120,query-063,search-target-173,TRUE
query-target-assignment-2121,query-064,search-target-173,TRUE
query-target-assignment-2122,query-065,search-target-173,TRUE
query-target-assignment-2123,query-066,search-target-173,TRUE
query-target-assignment-2124,query-067,search-target-173,TRUE
query-target-assignment-2125,query-068,search-target-173,TRUE
query-target-assignment-2126,query-052,search-target-174,TRUE
query-target-assignment-2127,query-053,search-target-174,TRUE
query-target-assignment-2128,query-054,search-target-174,TRUE
query-target-assignment-2129,query-055,search-target-174,TRUE
query-target-assignment-2130,query-056,search-target-174,TRUE
query-target-assignment-2131,query-057,search-target-174,TRUE
query-target-assignment-2132,query-058,search-target-174,TRUE
query-target-assignment-2133,query-059,search-target-174,TRUE
query-target-assignment-2134,query-060,search-target-174,TRUE
query-target-assignment-2135,query-061,search-target-174,TRUE
query-target-assignment-2136,query-062,search-target-174,TRUE
query-target-assignment-2137,query-063,search-target-174,TRUE
query-target-assignment-2138,query-064,search-target-174,TRUE
query-target-assignment-2139,query-065,search-target-174,TRUE
query-target-assignment-2140,query-066,search-target-174,TRUE
query-target-assignment-2141,query-067,search-target-174,TRUE
query-target-assignment-2142,query-068,search-target-174,TRUE
query-target-assignment-2143,query-052,search-target-175,TRUE
query-target-assignment-2144,query-053,search-target-175,TRUE
query-target-assignment-2145,query-054,search-target-175,TRUE
query-target-assignment-2146,query-055,search-target-175,TRUE
query-target-assignment-2147,query-056,search-target-175,TRUE
query-target-assignment-2148,query-057,search-target-175,TRUE
query-target-assignment-2149,query-058,search-target-175,TRUE
query-target-assignment-2150,query-059,search-target-175,TRUE
query-target-assignment-2151,query-060,search-target-175,TRUE
query-target-assignment-2152,query-061,search-target-175,TRUE
query-target-assignment-2153,query-062,search-target-175,TRUE
query-target-assignment-2154,query-063,search-target-175,TRUE
query-target-assignment-2155,query-064,search-target-175,TRUE
query-target-assignment-2156,query-065,search-target-175,TRUE
query-target-assignment-2157,query-066,search-target-175,TRUE
query-target-assignment-2158,query-067,search-target-175,TRUE
query-target-assignment-2159,query-068,search-target-175,TRUE
query-target-assignment-2160,query-052,search-target-176,TRUE
query-target-assignment-2161,query-053,search-target-176,TRUE
query-target-assignment-2162,query-054,search-target-176,TRUE
query-target-assignment-2163,query-055,search-target-176,TRUE
query-target-assignment-2164,query-056,search-target-176,TRUE
query-target-assignment-2165,query-057,search-target-176,TRUE
query-target-assignment-2166,query-058,search-target-176,TRUE
query-target-assignment-2167,query-059,search-target-176,TRUE
query-target-assignment-2168,query-060,search-target-176,TRUE
query-target-assignment-2169,query-061,search-target-176,TRUE
query-target-assignment-2170,query-062,search-target-176,TRUE
query-target-assignment-2171,query-063,search-target-176,TRUE
query-target-assignment-2172,query-064,search-target-176,TRUE
query-target-assignment-2173,query-065,search-target-176,TRUE
query-target-assignment-2174,query-066,search-target-176,TRUE
query-target-assignment-2175,query-067,search-target-176,TRUE
query-target-assignment-2176,query-068,search-target-176,TRUE
query-target-assignment-2177,query-001,search-target-181,TRUE
query-target-assignment-2178,query-002,search-target-181,TRUE
query-target-assignment-2179,query-003,search-target-181,TRUE
query-target-assignment-2180,query-004,search-target-181,TRUE
query-target-assignment-2181,query-005,search-target-181,TRUE
query-target-assignment-2182,query-006,search-target-181,TRUE
query-target-assignment-2183,query-007,search-target-181,TRUE
query-target-assignment-2184,query-008,search-target-181,TRUE
query-target-assignment-2185,query-009,search-target-181,TRUE
query-target-assignment-2186,query-010,search-target-181,TRUE
query-target-assignment-2187,query-011,search-target-181,TRUE
query-target-assignment-2188,query-012,search-target-181,TRUE
query-target-assignment-2189,query-013,search-target-181,TRUE
query-target-assignment-2190,query-014,search-target-181,TRUE
query-target-assignment-2191,query-015,search-target-181,TRUE
query-target-assignment-2192,query-016,search-target-181,TRUE
query-target-assignment-2193,query-017,search-target-181,TRUE
query-target-assignment-2194,query-001,search-target-182,TRUE
query-target-assignment-2195,query-002,search-target-182,TRUE
query-target-assignment-2196,query-003,search-target-182,TRUE
query-target-assignment-2197,query-004,search-target-182,TRUE
query-target-assignment-2198,query-005,search-target-182,TRUE
query-target-assignment-2199,query-006,search-target-182,TRUE
query-target-assignment-2200,query-007,search-target-182,TRUE
query-target-assignment-2201,query-008,search-target-182,TRUE
query-target-assignment-2202,query-009,search-target-182,TRUE
query-target-assignment-2203,query-010,search-target-182,TRUE
query-target-assignment-2204,query-011,search-target-182,TRUE
query-target-assignment-2205,query-012,search-target-182,TRUE
query-target-assignment-2206,query-013,search-target-182,TRUE
query-target-assignment-2207,query-014,search-target-182,TRUE
query-target-assignment-2208,query-015,search-target-182,TRUE
query-target-assignment-2209,query-016,search-target-182,TRUE
query-target-assignment-2210,query-017,search-target-182,TRUE
query-target-assignment-2211,query-001,search-target-183,TRUE
query-target-assignment-2212,query-002,search-target-183,TRUE
query-target-assignment-2213,query-003,search-target-183,TRUE
query-target-assignment-2214,query-004,search-target-183,TRUE
query-target-assignment-2215,query-005,search-target-183,TRUE
query-target-assignment-2216,query-006,search-target-183,TRUE
query-target-assignment-2217,query-007,search-target-183,TRUE
query-target-assignment-2218,query-008,search-target-183,TRUE
query-target-assignment-2219,query-009,search-target-183,TRUE
query-target-assignment-2220,query-010,search-target-183,TRUE
query-target-assignment-2221,query-011,search-target-183,TRUE
query-target-assignment-2222,query-012,search-target-183,TRUE
query-target-assignment-2223,query-013,search-target-183,TRUE
query-target-assignment-2224,query-014,search-target-183,TRUE
query-target-assignment-2225,query-015,search-target-183,TRUE
query-target-assignment-2226,query-016,search-target-183,TRUE
query-target-assignment-2227,query-017,search-target-183,TRUE
query-target-assignment-2228,query-001,search-target-184,TRUE
query-target-assignment-2229,query-002,search-target-184,TRUE
query-target-assignment-2230,query-003,search-target-184,TRUE
query-target-assignment-2231,query-004,search-target-184,TRUE
query-target-assignment-2232,query-005,search-target-184,TRUE
query-target-assignment-2233,query-006,search-target-184,TRUE
query-target-assignment-2234,query-007,search-target-184,TRUE
query-target-assignment-2235,query-008,search-target-184,TRUE
query-target-assignment-2236,query-009,search-target-184,TRUE
query-target-assignment-2237,query-010,search-target-184,TRUE
query-target-assignment-2238,query-011,search-target-184,TRUE
query-target-assignment-2239,query-012,search-target-184,TRUE
query-target-assignment-2240,query-013,search-target-184,TRUE
query-target-assignment-2241,query-014,search-target-184,TRUE
query-target-assignment-2242,query-015,search-target-184,TRUE
query-target-assignment-2243,query-016,search-target-184,TRUE
query-target-assignment-2244,query-017,search-target-184,TRUE
query-target-assignment-2245,query-018,search-target-185,TRUE
query-target-assignment-2246,query-019,search-target-185,TRUE
query-target-assignment-2247,query-020,search-target-185,TRUE
query-target-assignment-2248,query-021,search-target-185,TRUE
query-target-assignment-2249,query-022,search-target-185,TRUE
query-target-assignment-2250,query-023,search-target-185,TRUE
query-target-assignment-2251,query-024,search-target-185,TRUE
query-target-assignment-2252,query-025,search-target-185,TRUE
query-target-assignment-2253,query-026,search-target-185,TRUE
query-target-assignment-2254,query-027,search-target-185,TRUE
query-target-assignment-2255,query-028,search-target-185,TRUE
query-target-assignment-2256,query-029,search-target-185,TRUE
query-target-assignment-2257,query-030,search-target-185,TRUE
query-target-assignment-2258,query-031,search-target-185,TRUE
query-target-assignment-2259,query-032,search-target-185,TRUE
query-target-assignment-2260,query-033,search-target-185,TRUE
query-target-assignment-2261,query-034,search-target-185,TRUE
query-target-assignment-2262,query-018,search-target-186,TRUE
query-target-assignment-2263,query-019,search-target-186,TRUE
query-target-assignment-2264,query-020,search-target-186,TRUE
query-target-assignment-2265,query-021,search-target-186,TRUE
query-target-assignment-2266,query-022,search-target-186,TRUE
query-target-assignment-2267,query-023,search-target-186,TRUE
query-target-assignment-2268,query-024,search-target-186,TRUE
query-target-assignment-2269,query-025,search-target-186,TRUE
query-target-assignment-2270,query-026,search-target-186,TRUE
query-target-assignment-2271,query-027,search-target-186,TRUE
query-target-assignment-2272,query-028,search-target-186,TRUE
query-target-assignment-2273,query-029,search-target-186,TRUE
query-target-assignment-2274,query-030,search-target-186,TRUE
query-target-assignment-2275,query-031,search-target-186,TRUE
query-target-assignment-2276,query-032,search-target-186,TRUE
query-target-assignment-2277,query-033,search-target-186,TRUE
query-target-assignment-2278,query-034,search-target-186,TRUE
query-target-assignment-2279,query-018,search-target-187,TRUE
query-target-assignment-2280,query-019,search-target-187,TRUE
query-target-assignment-2281,query-020,search-target-187,TRUE
query-target-assignment-2282,query-021,search-target-187,TRUE
query-target-assignment-2283,query-022,search-target-187,TRUE
query-target-assignment-2284,query-023,search-target-187,TRUE
query-target-assignment-2285,query-024,search-target-187,TRUE
query-target-assignment-2286,query-025,search-target-187,TRUE
query-target-assignment-2287,query-026,search-target-187,TRUE
query-target-assignment-2288,query-027,search-target-187,TRUE
query-target-assignment-2289,query-028,search-target-187,TRUE
query-target-assignment-2290,query-029,search-target-187,TRUE
query-target-assignment-2291,query-030,search-target-187,TRUE
query-target-assignment-2292,query-031,search-target-187,TRUE
query-target-assignment-2293,query-032,search-target-187,TRUE
query-target-assignment-2294,query-033,search-target-187,TRUE
query-target-assignment-2295,query-034,search-target-187,TRUE
query-target-assignment-2296,query-018,search-target-188,TRUE
query-target-assignment-2297,query-019,search-target-188,TRUE
query-target-assignment-2298,query-020,search-target-188,TRUE
query-target-assignment-2299,query-021,search-target-188,TRUE
query-target-assignment-2300,query-022,search-target-188,TRUE
query-target-assignment-2301,query-023,search-target-188,TRUE
query-target-assignment-2302,query-024,search-target-188,TRUE
query-target-assignment-2303,query-025,search-target-188,TRUE
query-target-assignment-2304,query-026,search-target-188,TRUE
query-target-assignment-2305,query-027,search-target-188,TRUE
query-target-assignment-2306,query-028,search-target-188,TRUE
query-target-assignment-2307,query-029,search-target-188,TRUE
query-target-assignment-2308,query-030,search-target-188,TRUE
query-target-assignment-2309,query-031,search-target-188,TRUE
query-target-assignment-2310,query-032,search-target-188,TRUE
query-target-assignment-2311,query-033,search-target-188,TRUE
query-target-assignment-2312,query-034,search-target-188,TRUE
query-target-assignment-2313,query-035,search-target-189,TRUE
query-target-assignment-2314,query-036,search-target-189,TRUE
query-target-assignment-2315,query-037,search-target-189,TRUE
query-target-assignment-2316,query-038,search-target-189,TRUE
query-target-assignment-2317,query-039,search-target-189,TRUE
query-target-assignment-2318,query-040,search-target-189,TRUE
query-target-assignment-2319,query-041,search-target-189,TRUE
query-target-assignment-2320,query-042,search-target-189,TRUE
query-target-assignment-2321,query-043,search-target-189,TRUE
query-target-assignment-2322,query-044,search-target-189,TRUE
query-target-assignment-2323,query-045,search-target-189,TRUE
query-target-assignment-2324,query-046,search-target-189,TRUE
query-target-assignment-2325,query-047,search-target-189,TRUE
query-target-assignment-2326,query-048,search-target-189,TRUE
query-target-assignment-2327,query-049,search-target-189,TRUE
query-target-assignment-2328,query-050,search-target-189,TRUE
query-target-assignment-2329,query-051,search-target-189,TRUE
query-target-assignment-2330,query-035,search-target-190,TRUE
query-target-assignment-2331,query-036,search-target-190,TRUE
query-target-assignment-2332,query-037,search-target-190,TRUE
query-target-assignment-2333,query-038,search-target-190,TRUE
query-target-assignment-2334,query-039,search-target-190,TRUE
query-target-assignment-2335,query-040,search-target-190,TRUE
query-target-assignment-2336,query-041,search-target-190,TRUE
query-target-assignment-2337,query-042,search-target-190,TRUE
query-target-assignment-2338,query-043,search-target-190,TRUE
query-target-assignment-2339,query-044,search-target-190,TRUE
query-target-assignment-2340,query-045,search-target-190,TRUE
query-target-assignment-2341,query-046,search-target-190,TRUE
query-target-assignment-2342,query-047,search-target-190,TRUE
query-target-assignment-2343,query-048,search-target-190,TRUE
query-target-assignment-2344,query-049,search-target-190,TRUE
query-target-assignment-2345,query-050,search-target-190,TRUE
query-target-assignment-2346,query-051,search-target-190,TRUE
query-target-assignment-2347,query-035,search-target-191,TRUE
query-target-assignment-2348,query-036,search-target-191,TRUE
query-target-assignment-2349,query-037,search-target-191,TRUE
query-target-assignment-2350,query-038,search-target-191,TRUE
query-target-assignment-2351,query-039,search-target-191,TRUE
query-target-assignment-2352,query-040,search-target-191,TRUE
query-target-assignment-2353,query-041,search-target-191,TRUE
query-target-assignment-2354,query-042,search-target-191,TRUE
query-target-assignment-2355,query-043,search-target-191,TRUE
query-target-assignment-2356,query-044,search-target-191,TRUE
query-target-assignment-2357,query-045,search-target-191,TRUE
query-target-assignment-2358,query-046,search-target-191,TRUE
query-target-assignment-2359,query-047,search-target-191,TRUE
query-target-assignment-2360,query-048,search-target-191,TRUE
query-target-assignment-2361,query-049,search-target-191,TRUE
query-target-assignment-2362,query-050,search-target-191,TRUE
query-target-assignment-2363,query-051,search-target-191,TRUE
query-target-assignment-2364,query-035,search-target-192,TRUE
query-target-assignment-2365,query-036,search-target-192,TRUE
query-target-assignment-2366,query-037,search-target-192,TRUE
query-target-assignment-2367,query-038,search-target-192,TRUE
query-target-assignment-2368,query-039,search-target-192,TRUE
query-target-assignment-2369,query-040,search-target-192,TRUE
query-target-assignment-2370,query-041,search-target-192,TRUE
query-target-assignment-2371,query-042,search-target-192,TRUE
query-target-assignment-2372,query-043,search-target-192,TRUE
query-target-assignment-2373,query-044,search-target-192,TRUE
query-target-assignment-2374,query-045,search-target-192,TRUE
query-target-assignment-2375,query-046,search-target-192,TRUE
query-target-assignment-2376,query-047,search-target-192,TRUE
query-target-assignment-2377,query-048,search-target-192,TRUE
query-target-assignment-2378,query-049,search-target-192,TRUE
query-target-assignment-2379,query-050,search-target-192,TRUE
query-target-assignment-2380,query-051,search-target-192,TRUE
query-target-assignment-2381,query-052,search-target-193,TRUE
query-target-assignment-2382,query-053,search-target-193,TRUE
query-target-assignment-2383,query-054,search-target-193,TRUE
query-target-assignment-2384,query-055,search-target-193,TRUE
query-target-assignment-2385,query-056,search-target-193,TRUE
query-target-assignment-2386,query-057,search-target-193,TRUE
query-target-assignment-2387,query-058,search-target-193,TRUE
query-target-assignment-2388,query-059,search-target-193,TRUE
query-target-assignment-2389,query-060,search-target-193,TRUE
query-target-assignment-2390,query-061,search-target-193,TRUE
query-target-assignment-2391,query-062,search-target-193,TRUE
query-target-assignment-2392,query-063,search-target-193,TRUE
query-target-assignment-2393,query-064,search-target-193,TRUE
query-target-assignment-2394,query-065,search-target-193,TRUE
query-target-assignment-2395,query-066,search-target-193,TRUE
query-target-assignment-2396,query-067,search-target-193,TRUE
query-target-assignment-2397,query-068,search-target-193,TRUE
query-target-assignment-2398,query-052,search-target-194,TRUE
query-target-assignment-2399,query-053,search-target-194,TRUE
query-target-assignment-2400,query-054,search-target-194,TRUE
query-target-assignment-2401,query-055,search-target-194,TRUE
query-target-assignment-2402,query-056,search-target-194,TRUE
query-target-assignment-2403,query-057,search-target-194,TRUE
query-target-assignment-2404,query-058,search-target-194,TRUE
query-target-assignment-2405,query-059,search-target-194,TRUE
query-target-assignment-2406,query-060,search-target-194,TRUE
query-target-assignment-2407,query-061,search-target-194,TRUE
query-target-assignment-2408,query-062,search-target-194,TRUE
query-target-assignment-2409,query-063,search-target-194,TRUE
query-target-assignment-2410,query-064,search-target-194,TRUE
query-target-assignment-2411,query-065,search-target-194,TRUE
query-target-assignment-2412,query-066,search-target-194,TRUE
query-target-assignment-2413,query-067,search-target-194,TRUE
query-target-assignment-2414,query-068,search-target-194,TRUE
query-target-assignment-2415,query-052,search-target-195,TRUE
query-target-assignment-2416,query-053,search-target-195,TRUE
query-target-assignment-2417,query-054,search-target-195,TRUE
query-target-assignment-2418,query-055,search-target-195,TRUE
query-target-assignment-2419,query-056,search-target-195,TRUE
query-target-assignment-2420,query-057,search-target-195,TRUE
query-target-assignment-2421,query-058,search-target-195,TRUE
query-target-assignment-2422,query-059,search-target-195,TRUE
query-target-assignment-2423,query-060,search-target-195,TRUE
query-target-assignment-2424,query-061,search-target-195,TRUE
query-target-assignment-2425,query-062,search-target-195,TRUE
query-target-assignment-2426,query-063,search-target-195,TRUE
query-target-assignment-2427,query-064,search-target-195,TRUE
query-target-assignment-2428,query-065,search-target-195,TRUE
query-target-assignment-2429,query-066,search-target-195,TRUE
query-target-assignment-2430,query-067,search-target-195,TRUE
query-target-assignment-2431,query-068,search-target-195,TRUE
query-target-assignment-2432,query-052,search-target-196,TRUE
query-target-assignment-2433,query-053,search-target-196,TRUE
query-target-assignment-2434,query-054,search-target-196,TRUE
query-target-assignment-2435,query-055,search-target-196,TRUE
query-target-assignment-2436,query-056,search-target-196,TRUE
query-target-assignment-2437,query-057,search-target-196,TRUE
query-target-assignment-2438,query-058,search-target-196,TRUE
query-target-assignment-2439,query-059,search-target-196,TRUE
query-target-assignment-2440,query-060,search-target-196,TRUE
query-target-assignment-2441,query-061,search-target-196,TRUE
query-target-assignment-2442,query-062,search-target-196,TRUE
query-target-assignment-2443,query-063,search-target-196,TRUE
query-target-assignment-2444,query-064,search-target-196,TRUE
query-target-assignment-2445,query-065,search-target-196,TRUE
query-target-assignment-2446,query-066,search-target-196,TRUE
query-target-assignment-2447,query-067,search-target-196,TRUE
query-target-assignment-2448,query-068,search-target-196,TRUE
query-target-assignment-2449,query-001,search-target-221,TRUE
query-target-assignment-2450,query-002,search-target-221,TRUE
query-target-assignment-2451,query-003,search-target-221,TRUE
query-target-assignment-2452,query-004,search-target-221,TRUE
query-target-assignment-2453,query-005,search-target-221,TRUE
query-target-assignment-2454,query-006,search-target-221,TRUE
query-target-assignment-2455,query-007,search-target-221,TRUE
query-target-assignment-2456,query-008,search-target-221,TRUE
query-target-assignment-2457,query-009,search-target-221,TRUE
query-target-assignment-2458,query-010,search-target-221,TRUE
query-target-assignment-2459,query-011,search-target-221,TRUE
query-target-assignment-2460,query-012,search-target-221,TRUE
query-target-assignment-2461,query-013,search-target-221,TRUE
query-target-assignment-2462,query-014,search-target-221,TRUE
query-target-assignment-2463,query-015,search-target-221,TRUE
query-target-assignment-2464,query-016,search-target-221,TRUE
query-target-assignment-2465,query-017,search-target-221,TRUE
query-target-assignment-2466,query-001,search-target-222,TRUE
query-target-assignment-2467,query-002,search-target-222,TRUE
query-target-assignment-2468,query-003,search-target-222,TRUE
query-target-assignment-2469,query-004,search-target-222,TRUE
query-target-assignment-2470,query-005,search-target-222,TRUE
query-target-assignment-2471,query-006,search-target-222,TRUE
query-target-assignment-2472,query-007,search-target-222,TRUE
query-target-assignment-2473,query-008,search-target-222,TRUE
query-target-assignment-2474,query-009,search-target-222,TRUE
query-target-assignment-2475,query-010,search-target-222,TRUE
query-target-assignment-2476,query-011,search-target-222,TRUE
query-target-assignment-2477,query-012,search-target-222,TRUE
query-target-assignment-2478,query-013,search-target-222,TRUE
query-target-assignment-2479,query-014,search-target-222,TRUE
query-target-assignment-2480,query-015,search-target-222,TRUE
query-target-assignment-2481,query-016,search-target-222,TRUE
query-target-assignment-2482,query-017,search-target-222,TRUE
query-target-assignment-2483,query-001,search-target-223,TRUE
query-target-assignment-2484,query-002,search-target-223,TRUE
query-target-assignment-2485,query-003,search-target-223,TRUE
query-target-assignment-2486,query-004,search-target-223,TRUE
query-target-assignment-2487,query-005,search-target-223,TRUE
query-target-assignment-2488,query-006,search-target-223,TRUE
query-target-assignment-2489,query-007,search-target-223,TRUE
query-target-assignment-2490,query-008,search-target-223,TRUE
query-target-assignment-2491,query-009,search-target-223,TRUE
query-target-assignment-2492,query-010,search-target-223,TRUE
query-target-assignment-2493,query-011,search-target-223,TRUE
query-target-assignment-2494,query-012,search-target-223,TRUE
query-target-assignment-2495,query-013,search-target-223,TRUE
query-target-assignment-2496,query-014,search-target-223,TRUE
query-target-assignment-2497,query-015,search-target-223,TRUE
query-target-assignment-2498,query-016,search-target-223,TRUE
query-target-assignment-2499,query-017,search-target-223,TRUE
query-target-assignment-2500,query-001,search-target-224,TRUE
query-target-assignment-2501,query-002,search-target-224,TRUE
query-target-assignment-2502,query-003,search-target-224,TRUE
query-target-assignment-2503,query-004,search-target-224,TRUE
query-target-assignment-2504,query-005,search-target-224,TRUE
query-target-assignment-2505,query-006,search-target-224,TRUE
query-target-assignment-2506,query-007,search-target-224,TRUE
query-target-assignment-2507,query-008,search-target-224,TRUE
query-target-assignment-2508,query-009,search-target-224,TRUE
query-target-assignment-2509,query-010,search-target-224,TRUE
query-target-assignment-2510,query-011,search-target-224,TRUE
query-target-assignment-2511,query-012,search-target-224,TRUE
query-target-assignment-2512,query-013,search-target-224,TRUE
query-target-assignment-2513,query-014,search-target-224,TRUE
query-target-assignment-2514,query-015,search-target-224,TRUE
query-target-assignment-2515,query-016,search-target-224,TRUE
query-target-assignment-2516,query-017,search-target-224,TRUE
query-target-assignment-2517,query-018,search-target-225,TRUE
query-target-assignment-2518,query-019,search-target-225,TRUE
query-target-assignment-2519,query-020,search-target-225,TRUE
query-target-assignment-2520,query-021,search-target-225,TRUE
query-target-assignment-2521,query-022,search-target-225,TRUE
query-target-assignment-2522,query-023,search-target-225,TRUE
query-target-assignment-2523,query-024,search-target-225,TRUE
query-target-assignment-2524,query-025,search-target-225,TRUE
query-target-assignment-2525,query-026,search-target-225,TRUE
query-target-assignment-2526,query-027,search-target-225,TRUE
query-target-assignment-2527,query-028,search-target-225,TRUE
query-target-assignment-2528,query-029,search-target-225,TRUE
query-target-assignment-2529,query-030,search-target-225,TRUE
query-target-assignment-2530,query-031,search-target-225,TRUE
query-target-assignment-2531,query-032,search-target-225,TRUE
query-target-assignment-2532,query-033,search-target-225,TRUE
query-target-assignment-2533,query-034,search-target-225,TRUE
query-target-assignment-2534,query-018,search-target-226,TRUE
query-target-assignment-2535,query-019,search-target-226,TRUE
query-target-assignment-2536,query-020,search-target-226,TRUE
query-target-assignment-2537,query-021,search-target-226,TRUE
query-target-assignment-2538,query-022,search-target-226,TRUE
query-target-assignment-2539,query-023,search-target-226,TRUE
query-target-assignment-2540,query-024,search-target-226,TRUE
query-target-assignment-2541,query-025,search-target-226,TRUE
query-target-assignment-2542,query-026,search-target-226,TRUE
query-target-assignment-2543,query-027,search-target-226,TRUE
query-target-assignment-2544,query-028,search-target-226,TRUE
query-target-assignment-2545,query-029,search-target-226,TRUE
query-target-assignment-2546,query-030,search-target-226,TRUE
query-target-assignment-2547,query-031,search-target-226,TRUE
query-target-assignment-2548,query-032,search-target-226,TRUE
query-target-assignment-2549,query-033,search-target-226,TRUE
query-target-assignment-2550,query-034,search-target-226,TRUE
query-target-assignment-2551,query-018,search-target-227,TRUE
query-target-assignment-2552,query-019,search-target-227,TRUE
query-target-assignment-2553,query-020,search-target-227,TRUE
query-target-assignment-2554,query-021,search-target-227,TRUE
query-target-assignment-2555,query-022,search-target-227,TRUE
query-target-assignment-2556,query-023,search-target-227,TRUE
query-target-assignment-2557,query-024,search-target-227,TRUE
query-target-assignment-2558,query-025,search-target-227,TRUE
query-target-assignment-2559,query-026,search-target-227,TRUE
query-target-assignment-2560,query-027,search-target-227,TRUE
query-target-assignment-2561,query-028,search-target-227,TRUE
query-target-assignment-2562,query-029,search-target-227,TRUE
query-target-assignment-2563,query-030,search-target-227,TRUE
query-target-assignment-2564,query-031,search-target-227,TRUE
query-target-assignment-2565,query-032,search-target-227,TRUE
query-target-assignment-2566,query-033,search-target-227,TRUE
query-target-assignment-2567,query-034,search-target-227,TRUE
query-target-assignment-2568,query-018,search-target-228,TRUE
query-target-assignment-2569,query-019,search-target-228,TRUE
query-target-assignment-2570,query-020,search-target-228,TRUE
query-target-assignment-2571,query-021,search-target-228,TRUE
query-target-assignment-2572,query-022,search-target-228,TRUE
query-target-assignment-2573,query-023,search-target-228,TRUE
query-target-assignment-2574,query-024,search-target-228,TRUE
query-target-assignment-2575,query-025,search-target-228,TRUE
query-target-assignment-2576,query-026,search-target-228,TRUE
query-target-assignment-2577,query-027,search-target-228,TRUE
query-target-assignment-2578,query-028,search-target-228,TRUE
query-target-assignment-2579,query-029,search-target-228,TRUE
query-target-assignment-2580,query-030,search-target-228,TRUE
query-target-assignment-2581,query-031,search-target-228,TRUE
query-target-assignment-2582,query-032,search-target-228,TRUE
query-target-assignment-2583,query-033,search-target-228,TRUE
query-target-assignment-2584,query-034,search-target-228,TRUE
query-target-assignment-2585,query-035,search-target-229,TRUE
query-target-assignment-2586,query-036,search-target-229,TRUE
query-target-assignment-2587,query-037,search-target-229,TRUE
query-target-assignment-2588,query-038,search-target-229,TRUE
query-target-assignment-2589,query-039,search-target-229,TRUE
query-target-assignment-2590,query-040,search-target-229,TRUE
query-target-assignment-2591,query-041,search-target-229,TRUE
query-target-assignment-2592,query-042,search-target-229,TRUE
query-target-assignment-2593,query-043,search-target-229,TRUE
query-target-assignment-2594,query-044,search-target-229,TRUE
query-target-assignment-2595,query-045,search-target-229,TRUE
query-target-assignment-2596,query-046,search-target-229,TRUE
query-target-assignment-2597,query-047,search-target-229,TRUE
query-target-assignment-2598,query-048,search-target-229,TRUE
query-target-assignment-2599,query-049,search-target-229,TRUE
query-target-assignment-2600,query-050,search-target-229,TRUE
query-target-assignment-2601,query-051,search-target-229,TRUE
query-target-assignment-2602,query-035,search-target-230,TRUE
query-target-assignment-2603,query-036,search-target-230,TRUE
query-target-assignment-2604,query-037,search-target-230,TRUE
query-target-assignment-2605,query-038,search-target-230,TRUE
query-target-assignment-2606,query-039,search-target-230,TRUE
query-target-assignment-2607,query-040,search-target-230,TRUE
query-target-assignment-2608,query-041,search-target-230,TRUE
query-target-assignment-2609,query-042,search-target-230,TRUE
query-target-assignment-2610,query-043,search-target-230,TRUE
query-target-assignment-2611,query-044,search-target-230,TRUE
query-target-assignment-2612,query-045,search-target-230,TRUE
query-target-assignment-2613,query-046,search-target-230,TRUE
query-target-assignment-2614,query-047,search-target-230,TRUE
query-target-assignment-2615,query-048,search-target-230,TRUE
query-target-assignment-2616,query-049,search-target-230,TRUE
query-target-assignment-2617,query-050,search-target-230,TRUE
query-target-assignment-2618,query-051,search-target-230,TRUE
query-target-assignment-2619,query-035,search-target-231,TRUE
query-target-assignment-2620,query-036,search-target-231,TRUE
query-target-assignment-2621,query-037,search-target-231,TRUE
query-target-assignment-2622,query-038,search-target-231,TRUE
query-target-assignment-2623,query-039,search-target-231,TRUE
query-target-assignment-2624,query-040,search-target-231,TRUE
query-target-assignment-2625,query-041,search-target-231,TRUE
query-target-assignment-2626,query-042,search-target-231,TRUE
query-target-assignment-2627,query-043,search-target-231,TRUE
query-target-assignment-2628,query-044,search-target-231,TRUE
query-target-assignment-2629,query-045,search-target-231,TRUE
query-target-assignment-2630,query-046,search-target-231,TRUE
query-target-assignment-2631,query-047,search-target-231,TRUE
query-target-assignment-2632,query-048,search-target-231,TRUE
query-target-assignment-2633,query-049,search-target-231,TRUE
query-target-assignment-2634,query-050,search-target-231,TRUE
query-target-assignment-2635,query-051,search-target-231,TRUE
query-target-assignment-2636,query-035,search-target-232,TRUE
query-target-assignment-2637,query-036,search-target-232,TRUE
query-target-assignment-2638,query-037,search-target-232,TRUE
query-target-assignment-2639,query-038,search-target-232,TRUE
query-target-assignment-2640,query-039,search-target-232,TRUE
query-target-assignment-2641,query-040,search-target-232,TRUE
query-target-assignment-2642,query-041,search-target-232,TRUE
query-target-assignment-2643,query-042,search-target-232,TRUE
query-target-assignment-2644,query-043,search-target-232,TRUE
query-target-assignment-2645,query-044,search-target-232,TRUE
query-target-assignment-2646,query-045,search-target-232,TRUE
query-target-assignment-2647,query-046,search-target-232,TRUE
query-target-assignment-2648,query-047,search-target-232,TRUE
query-target-assignment-2649,query-048,search-target-232,TRUE
query-target-assignment-2650,query-049,search-target-232,TRUE
query-target-assignment-2651,query-050,search-target-232,TRUE
query-target-assignment-2652,query-051,search-target-232,TRUE
query-target-assignment-2653,query-052,search-target-233,TRUE
query-target-assignment-2654,query-053,search-target-233,TRUE
query-target-assignment-2655,query-054,search-target-233,TRUE
query-target-assignment-2656,query-055,search-target-233,TRUE
query-target-assignment-2657,query-056,search-target-233,TRUE
query-target-assignment-2658,query-057,search-target-233,TRUE
query-target-assignment-2659,query-058,search-target-233,TRUE
query-target-assignment-2660,query-059,search-target-233,TRUE
query-target-assignment-2661,query-060,search-target-233,TRUE
query-target-assignment-2662,query-061,search-target-233,TRUE
query-target-assignment-2663,query-062,search-target-233,TRUE
query-target-assignment-2664,query-063,search-target-233,TRUE
query-target-assignment-2665,query-064,search-target-233,TRUE
query-target-assignment-2666,query-065,search-target-233,TRUE
query-target-assignment-2667,query-066,search-target-233,TRUE
query-target-assignment-2668,query-067,search-target-233,TRUE
query-target-assignment-2669,query-068,search-target-233,TRUE
query-target-assignment-2670,query-052,search-target-234,TRUE
query-target-assignment-2671,query-053,search-target-234,TRUE
query-target-assignment-2672,query-054,search-target-234,TRUE
query-target-assignment-2673,query-055,search-target-234,TRUE
query-target-assignment-2674,query-056,search-target-234,TRUE
query-target-assignment-2675,query-057,search-target-234,TRUE
query-target-assignment-2676,query-058,search-target-234,TRUE
query-target-assignment-2677,query-059,search-target-234,TRUE
query-target-assignment-2678,query-060,search-target-234,TRUE
query-target-assignment-2679,query-061,search-target-234,TRUE
query-target-assignment-2680,query-062,search-target-234,TRUE
query-target-assignment-2681,query-063,search-target-234,TRUE
query-target-assignment-2682,query-064,search-target-234,TRUE
query-target-assignment-2683,query-065,search-target-234,TRUE
query-target-assignment-2684,query-066,search-target-234,TRUE
query-target-assignment-2685,query-067,search-target-234,TRUE
query-target-assignment-2686,query-068,search-target-234,TRUE
query-target-assignment-2687,query-052,search-target-235,TRUE
query-target-assignment-2688,query-053,search-target-235,TRUE
query-target-assignment-2689,query-054,search-target-235,TRUE
query-target-assignment-2690,query-055,search-target-235,TRUE
query-target-assignment-2691,query-056,search-target-235,TRUE
query-target-assignment-2692,query-057,search-target-235,TRUE
query-target-assignment-2693,query-058,search-target-235,TRUE
query-target-assignment-2694,query-059,search-target-235,TRUE
query-target-assignment-2695,query-060,search-target-235,TRUE
query-target-assignment-2696,query-061,search-target-235,TRUE
query-target-assignment-2697,query-062,search-target-235,TRUE
query-target-assignment-2698,query-063,search-target-235,TRUE
query-target-assignment-2699,query-064,search-target-235,TRUE
query-target-assignment-2700,query-065,search-target-235,TRUE
query-target-assignment-2701,query-066,search-target-235,TRUE
query-target-assignment-2702,query-067,search-target-235,TRUE
query-target-assignment-2703,query-068,search-target-235,TRUE
query-target-assignment-2704,query-052,search-target-236,TRUE
query-target-assignment-2705,query-053,search-target-236,TRUE
query-target-assignment-2706,query-054,search-target-236,TRUE
query-target-assignment-2707,query-055,search-target-236,TRUE
query-target-assignment-2708,query-056,search-target-236,TRUE
query-target-assignment-2709,query-057,search-target-236,TRUE
query-target-assignment-2710,query-058,search-target-236,TRUE
query-target-assignment-2711,query-059,search-target-236,TRUE
query-target-assignment-2712,query-060,search-target-236,TRUE
query-target-assignment-2713,query-061,search-target-236,TRUE
query-target-assignment-2714,query-062,search-target-236,TRUE
query-target-assignment-2715,query-063,search-target-236,TRUE
query-target-assignment-2716,query-064,search-target-236,TRUE
query-target-assignment-2717,query-065,search-target-236,TRUE
query-target-assignment-2718,query-066,search-target-236,TRUE
query-target-assignment-2719,query-067,search-target-236,TRUE
query-target-assignment-2720,query-068,search-target-236,TRUE
query-target-assignment-2721,query-001,search-target-241,TRUE
query-target-assignment-2722,query-002,search-target-241,TRUE
query-target-assignment-2723,query-003,search-target-241,TRUE
query-target-assignment-2724,query-004,search-target-241,TRUE
query-target-assignment-2725,query-005,search-target-241,TRUE
query-target-assignment-2726,query-006,search-target-241,TRUE
query-target-assignment-2727,query-007,search-target-241,TRUE
query-target-assignment-2728,query-008,search-target-241,TRUE
query-target-assignment-2729,query-009,search-target-241,TRUE
query-target-assignment-2730,query-010,search-target-241,TRUE
query-target-assignment-2731,query-011,search-target-241,TRUE
query-target-assignment-2732,query-012,search-target-241,TRUE
query-target-assignment-2733,query-013,search-target-241,TRUE
query-target-assignment-2734,query-014,search-target-241,TRUE
query-target-assignment-2735,query-015,search-target-241,TRUE
query-target-assignment-2736,query-016,search-target-241,TRUE
query-target-assignment-2737,query-017,search-target-241,TRUE
query-target-assignment-2738,query-001,search-target-242,TRUE
query-target-assignment-2739,query-002,search-target-242,TRUE
query-target-assignment-2740,query-003,search-target-242,TRUE
query-target-assignment-2741,query-004,search-target-242,TRUE
query-target-assignment-2742,query-005,search-target-242,TRUE
query-target-assignment-2743,query-006,search-target-242,TRUE
query-target-assignment-2744,query-007,search-target-242,TRUE
query-target-assignment-2745,query-008,search-target-242,TRUE
query-target-assignment-2746,query-009,search-target-242,TRUE
query-target-assignment-2747,query-010,search-target-242,TRUE
query-target-assignment-2748,query-011,search-target-242,TRUE
query-target-assignment-2749,query-012,search-target-242,TRUE
query-target-assignment-2750,query-013,search-target-242,TRUE
query-target-assignment-2751,query-014,search-target-242,TRUE
query-target-assignment-2752,query-015,search-target-242,TRUE
query-target-assignment-2753,query-016,search-target-242,TRUE
query-target-assignment-2754,query-017,search-target-242,TRUE
query-target-assignment-2755,query-001,search-target-243,TRUE
query-target-assignment-2756,query-002,search-target-243,TRUE
query-target-assignment-2757,query-003,search-target-243,TRUE
query-target-assignment-2758,query-004,search-target-243,TRUE
query-target-assignment-2759,query-005,search-target-243,TRUE
query-target-assignment-2760,query-006,search-target-243,TRUE
query-target-assignment-2761,query-007,search-target-243,TRUE
query-target-assignment-2762,query-008,search-target-243,TRUE
query-target-assignment-2763,query-009,search-target-243,TRUE
query-target-assignment-2764,query-010,search-target-243,TRUE
query-target-assignment-2765,query-011,search-target-243,TRUE
query-target-assignment-2766,query-012,search-target-243,TRUE
query-target-assignment-2767,query-013,search-target-243,TRUE
query-target-assignment-2768,query-014,search-target-243,TRUE
query-target-assignment-2769,query-015,search-target-243,TRUE
query-target-assignment-2770,query-016,search-target-243,TRUE
query-target-assignment-2771,query-017,search-target-243,TRUE
query-target-assignment-2772,query-001,search-target-244,TRUE
query-target-assignment-2773,query-002,search-target-244,TRUE
query-target-assignment-2774,query-003,search-target-244,TRUE
query-target-assignment-2775,query-004,search-target-244,TRUE
query-target-assignment-2776,query-005,search-target-244,TRUE
query-target-assignment-2777,query-006,search-target-244,TRUE
query-target-assignment-2778,query-007,search-target-244,TRUE
query-target-assignment-2779,query-008,search-target-244,TRUE
query-target-assignment-2780,query-009,search-target-244,TRUE
query-target-assignment-2781,query-010,search-target-244,TRUE
query-target-assignment-2782,query-011,search-target-244,TRUE
query-target-assignment-2783,query-012,search-target-244,TRUE
query-target-assignment-2784,query-013,search-target-244,TRUE
query-target-assignment-2785,query-014,search-target-244,TRUE
query-target-assignment-2786,query-015,search-target-244,TRUE
query-target-assignment-2787,query-016,search-target-244,TRUE
query-target-assignment-2788,query-017,search-target-244,TRUE
query-target-assignment-2789,query-018,search-target-245,TRUE
query-target-assignment-2790,query-019,search-target-245,TRUE
query-target-assignment-2791,query-020,search-target-245,TRUE
query-target-assignment-2792,query-021,search-target-245,TRUE
query-target-assignment-2793,query-022,search-target-245,TRUE
query-target-assignment-2794,query-023,search-target-245,TRUE
query-target-assignment-2795,query-024,search-target-245,TRUE
query-target-assignment-2796,query-025,search-target-245,TRUE
query-target-assignment-2797,query-026,search-target-245,TRUE
query-target-assignment-2798,query-027,search-target-245,TRUE
query-target-assignment-2799,query-028,search-target-245,TRUE
query-target-assignment-2800,query-029,search-target-245,TRUE
query-target-assignment-2801,query-030,search-target-245,TRUE
query-target-assignment-2802,query-031,search-target-245,TRUE
query-target-assignment-2803,query-032,search-target-245,TRUE
query-target-assignment-2804,query-033,search-target-245,TRUE
query-target-assignment-2805,query-034,search-target-245,TRUE
query-target-assignment-2806,query-018,search-target-246,TRUE
query-target-assignment-2807,query-019,search-target-246,TRUE
query-target-assignment-2808,query-020,search-target-246,TRUE
query-target-assignment-2809,query-021,search-target-246,TRUE
query-target-assignment-2810,query-022,search-target-246,TRUE
query-target-assignment-2811,query-023,search-target-246,TRUE
query-target-assignment-2812,query-024,search-target-246,TRUE
query-target-assignment-2813,query-025,search-target-246,TRUE
query-target-assignment-2814,query-026,search-target-246,TRUE
query-target-assignment-2815,query-027,search-target-246,TRUE
query-target-assignment-2816,query-028,search-target-246,TRUE
query-target-assignment-2817,query-029,search-target-246,TRUE
query-target-assignment-2818,query-030,search-target-246,TRUE
query-target-assignment-2819,query-031,search-target-246,TRUE
query-target-assignment-2820,query-032,search-target-246,TRUE
query-target-assignment-2821,query-033,search-target-246,TRUE
query-target-assignment-2822,query-034,search-target-246,TRUE
query-target-assignment-2823,query-018,search-target-247,TRUE
query-target-assignment-2824,query-019,search-target-247,TRUE
query-target-assignment-2825,query-020,search-target-247,TRUE
query-target-assignment-2826,query-021,search-target-247,TRUE
query-target-assignment-2827,query-022,search-target-247,TRUE
query-target-assignment-2828,query-023,search-target-247,TRUE
query-target-assignment-2829,query-024,search-target-247,TRUE
query-target-assignment-2830,query-025,search-target-247,TRUE
query-target-assignment-2831,query-026,search-target-247,TRUE
query-target-assignment-2832,query-027,search-target-247,TRUE
query-target-assignment-2833,query-028,search-target-247,TRUE
query-target-assignment-2834,query-029,search-target-247,TRUE
query-target-assignment-2835,query-030,search-target-247,TRUE
query-target-assignment-2836,query-031,search-target-247,TRUE
query-target-assignment-2837,query-032,search-target-247,TRUE
query-target-assignment-2838,query-033,search-target-247,TRUE
query-target-assignment-2839,query-034,search-target-247,TRUE
query-target-assignment-2840,query-018,search-target-248,TRUE
query-target-assignment-2841,query-019,search-target-248,TRUE
query-target-assignment-2842,query-020,search-target-248,TRUE
query-target-assignment-2843,query-021,search-target-248,TRUE
query-target-assignment-2844,query-022,search-target-248,TRUE
query-target-assignment-2845,query-023,search-target-248,TRUE
query-target-assignment-2846,query-024,search-target-248,TRUE
query-target-assignment-2847,query-025,search-target-248,TRUE
query-target-assignment-2848,query-026,search-target-248,TRUE
query-target-assignment-2849,query-027,search-target-248,TRUE
query-target-assignment-2850,query-028,search-target-248,TRUE
query-target-assignment-2851,query-029,search-target-248,TRUE
query-target-assignment-2852,query-030,search-target-248,TRUE
query-target-assignment-2853,query-031,search-target-248,TRUE
query-target-assignment-2854,query-032,search-target-248,TRUE
query-target-assignment-2855,query-033,search-target-248,TRUE
query-target-assignment-2856,query-034,search-target-248,TRUE
query-target-assignment-2857,query-035,search-target-249,TRUE
query-target-assignment-2858,query-036,search-target-249,TRUE
query-target-assignment-2859,query-037,search-target-249,TRUE
query-target-assignment-2860,query-038,search-target-249,TRUE
query-target-assignment-2861,query-039,search-target-249,TRUE
query-target-assignment-2862,query-040,search-target-249,TRUE
query-target-assignment-2863,query-041,search-target-249,TRUE
query-target-assignment-2864,query-042,search-target-249,TRUE
query-target-assignment-2865,query-043,search-target-249,TRUE
query-target-assignment-2866,query-044,search-target-249,TRUE
query-target-assignment-2867,query-045,search-target-249,TRUE
query-target-assignment-2868,query-046,search-target-249,TRUE
query-target-assignment-2869,query-047,search-target-249,TRUE
query-target-assignment-2870,query-048,search-target-249,TRUE
query-target-assignment-2871,query-049,search-target-249,TRUE
query-target-assignment-2872,query-050,search-target-249,TRUE
query-target-assignment-2873,query-051,search-target-249,TRUE
query-target-assignment-2874,query-035,search-target-250,TRUE
query-target-assignment-2875,query-036,search-target-250,TRUE
query-target-assignment-2876,query-037,search-target-250,TRUE
query-target-assignment-2877,query-038,search-target-250,TRUE
query-target-assignment-2878,query-039,search-target-250,TRUE
query-target-assignment-2879,query-040,search-target-250,TRUE
query-target-assignment-2880,query-041,search-target-250,TRUE
query-target-assignment-2881,query-042,search-target-250,TRUE
query-target-assignment-2882,query-043,search-target-250,TRUE
query-target-assignment-2883,query-044,search-target-250,TRUE
query-target-assignment-2884,query-045,search-target-250,TRUE
query-target-assignment-2885,query-046,search-target-250,TRUE
query-target-assignment-2886,query-047,search-target-250,TRUE
query-target-assignment-2887,query-048,search-target-250,TRUE
query-target-assignment-2888,query-049,search-target-250,TRUE
query-target-assignment-2889,query-050,search-target-250,TRUE
query-target-assignment-2890,query-051,search-target-250,TRUE
query-target-assignment-2891,query-035,search-target-251,TRUE
query-target-assignment-2892,query-036,search-target-251,TRUE
query-target-assignment-2893,query-037,search-target-251,TRUE
query-target-assignment-2894,query-038,search-target-251,TRUE
query-target-assignment-2895,query-039,search-target-251,TRUE
query-target-assignment-2896,query-040,search-target-251,TRUE
query-target-assignment-2897,query-041,search-target-251,TRUE
query-target-assignment-2898,query-042,search-target-251,TRUE
query-target-assignment-2899,query-043,search-target-251,TRUE
query-target-assignment-2900,query-044,search-target-251,TRUE
query-target-assignment-2901,query-045,search-target-251,TRUE
query-target-assignment-2902,query-046,search-target-251,TRUE
query-target-assignment-2903,query-047,search-target-251,TRUE
query-target-assignment-2904,query-048,search-target-251,TRUE
query-target-assignment-2905,query-049,search-target-251,TRUE
query-target-assignment-2906,query-050,search-target-251,TRUE
query-target-assignment-2907,query-051,search-target-251,TRUE
query-target-assignment-2908,query-035,search-target-252,TRUE
query-target-assignment-2909,query-036,search-target-252,TRUE
query-target-assignment-2910,query-037,search-target-252,TRUE
query-target-assignment-2911,query-038,search-target-252,TRUE
query-target-assignment-2912,query-039,search-target-252,TRUE
query-target-assignment-2913,query-040,search-target-252,TRUE
query-target-assignment-2914,query-041,search-target-252,TRUE
query-target-assignment-2915,query-042,search-target-252,TRUE
query-target-assignment-2916,query-043,search-target-252,TRUE
query-target-assignment-2917,query-044,search-target-252,TRUE
query-target-assignment-2918,query-045,search-target-252,TRUE
query-target-assignment-2919,query-046,search-target-252,TRUE
query-target-assignment-2920,query-047,search-target-252,TRUE
query-target-assignment-2921,query-048,search-target-252,TRUE
query-target-assignment-2922,query-049,search-target-252,TRUE
query-target-assignment-2923,query-050,search-target-252,TRUE
query-target-assignment-2924,query-051,search-target-252,TRUE
query-target-assignment-2925,query-052,search-target-253,TRUE
query-target-assignment-2926,query-053,search-target-253,TRUE
query-target-assignment-2927,query-054,search-target-253,TRUE
query-target-assignment-2928,query-055,search-target-253,TRUE
query-target-assignment-2929,query-056,search-target-253,TRUE
query-target-assignment-2930,query-057,search-target-253,TRUE
query-target-assignment-2931,query-058,search-target-253,TRUE
query-target-assignment-2932,query-059,search-target-253,TRUE
query-target-assignment-2933,query-060,search-target-253,TRUE
query-target-assignment-2934,query-061,search-target-253,TRUE
query-target-assignment-2935,query-062,search-target-253,TRUE
query-target-assignment-2936,query-063,search-target-253,TRUE
query-target-assignment-2937,query-064,search-target-253,TRUE
query-target-assignment-2938,query-065,search-target-253,TRUE
query-target-assignment-2939,query-066,search-target-253,TRUE
query-target-assignment-2940,query-067,search-target-253,TRUE
query-target-assignment-2941,query-068,search-target-253,TRUE
query-target-assignment-2942,query-052,search-target-254,TRUE
query-target-assignment-2943,query-053,search-target-254,TRUE
query-target-assignment-2944,query-054,search-target-254,TRUE
query-target-assignment-2945,query-055,search-target-254,TRUE
query-target-assignment-2946,query-056,search-target-254,TRUE
query-target-assignment-2947,query-057,search-target-254,TRUE
query-target-assignment-2948,query-058,search-target-254,TRUE
query-target-assignment-2949,query-059,search-target-254,TRUE
query-target-assignment-2950,query-060,search-target-254,TRUE
query-target-assignment-2951,query-061,search-target-254,TRUE
query-target-assignment-2952,query-062,search-target-254,TRUE
query-target-assignment-2953,query-063,search-target-254,TRUE
query-target-assignment-2954,query-064,search-target-254,TRUE
query-target-assignment-2955,query-065,search-target-254,TRUE
query-target-assignment-2956,query-066,search-target-254,TRUE
query-target-assignment-2957,query-067,search-target-254,TRUE
query-target-assignment-2958,query-068,search-target-254,TRUE
query-target-assignment-2959,query-052,search-target-255,TRUE
query-target-assignment-2960,query-053,search-target-255,TRUE
query-target-assignment-2961,query-054,search-target-255,TRUE
query-target-assignment-2962,query-055,search-target-255,TRUE
query-target-assignment-2963,query-056,search-target-255,TRUE
query-target-assignment-2964,query-057,search-target-255,TRUE
query-target-assignment-2965,query-058,search-target-255,TRUE
query-target-assignment-2966,query-059,search-target-255,TRUE
query-target-assignment-2967,query-060,search-target-255,TRUE
query-target-assignment-2968,query-061,search-target-255,TRUE
query-target-assignment-2969,query-062,search-target-255,TRUE
query-target-assignment-2970,query-063,search-target-255,TRUE
query-target-assignment-2971,query-064,search-target-255,TRUE
query-target-assignment-2972,query-065,search-target-255,TRUE
query-target-assignment-2973,query-066,search-target-255,TRUE
query-target-assignment-2974,query-067,search-target-255,TRUE
query-target-assignment-2975,query-068,search-target-255,TRUE
query-target-assignment-2976,query-052,search-target-256,TRUE
query-target-assignment-2977,query-053,search-target-256,TRUE
query-target-assignment-2978,query-054,search-target-256,TRUE
query-target-assignment-2979,query-055,search-target-256,TRUE
query-target-assignment-2980,query-056,search-target-256,TRUE
query-target-assignment-2981,query-057,search-target-256,TRUE
query-target-assignment-2982,query-058,search-target-256,TRUE
query-target-assignment-2983,query-059,search-target-256,TRUE
query-target-assignment-2984,query-060,search-target-256,TRUE
query-target-assignment-2985,query-061,search-target-256,TRUE
query-target-assignment-2986,query-062,search-target-256,TRUE
query-target-assignment-2987,query-063,search-target-256,TRUE
query-target-assignment-2988,query-064,search-target-256,TRUE
query-target-assignment-2989,query-065,search-target-256,TRUE
query-target-assignment-2990,query-066,search-target-256,TRUE
query-target-assignment-2991,query-067,search-target-256,TRUE
query-target-assignment-2992,query-068,search-target-256,TRUE
query-target-assignment-2993,query-001,search-target-261,TRUE
query-target-assignment-2994,query-002,search-target-261,TRUE
query-target-assignment-2995,query-003,search-target-261,TRUE
query-target-assignment-2996,query-004,search-target-261,TRUE
query-target-assignment-2997,query-005,search-target-261,TRUE
query-target-assignment-2998,query-006,search-target-261,TRUE
query-target-assignment-2999,query-007,search-target-261,TRUE
query-target-assignment-3000,query-008,search-target-261,TRUE
query-target-assignment-3001,query-009,search-target-261,TRUE
query-target-assignment-3002,query-010,search-target-261,TRUE
query-target-assignment-3003,query-011,search-target-261,TRUE
query-target-assignment-3004,query-012,search-target-261,TRUE
query-target-assignment-3005,query-013,search-target-261,TRUE
query-target-assignment-3006,query-014,search-target-261,TRUE
query-target-assignment-3007,query-015,search-target-261,TRUE
query-target-assignment-3008,query-016,search-target-261,TRUE
query-target-assignment-3009,query-017,search-target-261,TRUE
query-target-assignment-3010,query-001,search-target-262,TRUE
query-target-assignment-3011,query-002,search-target-262,TRUE
query-target-assignment-3012,query-003,search-target-262,TRUE
query-target-assignment-3013,query-004,search-target-262,TRUE
query-target-assignment-3014,query-005,search-target-262,TRUE
query-target-assignment-3015,query-006,search-target-262,TRUE
query-target-assignment-3016,query-007,search-target-262,TRUE
query-target-assignment-3017,query-008,search-target-262,TRUE
query-target-assignment-3018,query-009,search-target-262,TRUE
query-target-assignment-3019,query-010,search-target-262,TRUE
query-target-assignment-3020,query-011,search-target-262,TRUE
query-target-assignment-3021,query-012,search-target-262,TRUE
query-target-assignment-3022,query-013,search-target-262,TRUE
query-target-assignment-3023,query-014,search-target-262,TRUE
query-target-assignment-3024,query-015,search-target-262,TRUE
query-target-assignment-3025,query-016,search-target-262,TRUE
query-target-assignment-3026,query-017,search-target-262,TRUE
query-target-assignment-3027,query-001,search-target-263,TRUE
query-target-assignment-3028,query-002,search-target-263,TRUE
query-target-assignment-3029,query-003,search-target-263,TRUE
query-target-assignment-3030,query-004,search-target-263,TRUE
query-target-assignment-3031,query-005,search-target-263,TRUE
query-target-assignment-3032,query-006,search-target-263,TRUE
query-target-assignment-3033,query-007,search-target-263,TRUE
query-target-assignment-3034,query-008,search-target-263,TRUE
query-target-assignment-3035,query-009,search-target-263,TRUE
query-target-assignment-3036,query-010,search-target-263,TRUE
query-target-assignment-3037,query-011,search-target-263,TRUE
query-target-assignment-3038,query-012,search-target-263,TRUE
query-target-assignment-3039,query-013,search-target-263,TRUE
query-target-assignment-3040,query-014,search-target-263,TRUE
query-target-assignment-3041,query-015,search-target-263,TRUE
query-target-assignment-3042,query-016,search-target-263,TRUE
query-target-assignment-3043,query-017,search-target-263,TRUE
query-target-assignment-3044,query-001,search-target-264,TRUE
query-target-assignment-3045,query-002,search-target-264,TRUE
query-target-assignment-3046,query-003,search-target-264,TRUE
query-target-assignment-3047,query-004,search-target-264,TRUE
query-target-assignment-3048,query-005,search-target-264,TRUE
query-target-assignment-3049,query-006,search-target-264,TRUE
query-target-assignment-3050,query-007,search-target-264,TRUE
query-target-assignment-3051,query-008,search-target-264,TRUE
query-target-assignment-3052,query-009,search-target-264,TRUE
query-target-assignment-3053,query-010,search-target-264,TRUE
query-target-assignment-3054,query-011,search-target-264,TRUE
query-target-assignment-3055,query-012,search-target-264,TRUE
query-target-assignment-3056,query-013,search-target-264,TRUE
query-target-assignment-3057,query-014,search-target-264,TRUE
query-target-assignment-3058,query-015,search-target-264,TRUE
query-target-assignment-3059,query-016,search-target-264,TRUE
query-target-assignment-3060,query-017,search-target-264,TRUE
query-target-assignment-3061,query-018,search-target-265,TRUE
query-target-assignment-3062,query-019,search-target-265,TRUE
query-target-assignment-3063,query-020,search-target-265,TRUE
query-target-assignment-3064,query-021,search-target-265,TRUE
query-target-assignment-3065,query-022,search-target-265,TRUE
query-target-assignment-3066,query-023,search-target-265,TRUE
query-target-assignment-3067,query-024,search-target-265,TRUE
query-target-assignment-3068,query-025,search-target-265,TRUE
query-target-assignment-3069,query-026,search-target-265,TRUE
query-target-assignment-3070,query-027,search-target-265,TRUE
query-target-assignment-3071,query-028,search-target-265,TRUE
query-target-assignment-3072,query-029,search-target-265,TRUE
query-target-assignment-3073,query-030,search-target-265,TRUE
query-target-assignment-3074,query-031,search-target-265,TRUE
query-target-assignment-3075,query-032,search-target-265,TRUE
query-target-assignment-3076,query-033,search-target-265,TRUE
query-target-assignment-3077,query-034,search-target-265,TRUE
query-target-assignment-3078,query-018,search-target-266,TRUE
query-target-assignment-3079,query-019,search-target-266,TRUE
query-target-assignment-3080,query-020,search-target-266,TRUE
query-target-assignment-3081,query-021,search-target-266,TRUE
query-target-assignment-3082,query-022,search-target-266,TRUE
query-target-assignment-3083,query-023,search-target-266,TRUE
query-target-assignment-3084,query-024,search-target-266,TRUE
query-target-assignment-3085,query-025,search-target-266,TRUE
query-target-assignment-3086,query-026,search-target-266,TRUE
query-target-assignment-3087,query-027,search-target-266,TRUE
query-target-assignment-3088,query-028,search-target-266,TRUE
query-target-assignment-3089,query-029,search-target-266,TRUE
query-target-assignment-3090,query-030,search-target-266,TRUE
query-target-assignment-3091,query-031,search-target-266,TRUE
query-target-assignment-3092,query-032,search-target-266,TRUE
query-target-assignment-3093,query-033,search-target-266,TRUE
query-target-assignment-3094,query-034,search-target-266,TRUE
query-target-assignment-3095,query-018,search-target-267,TRUE
query-target-assignment-3096,query-019,search-target-267,TRUE
query-target-assignment-3097,query-020,search-target-267,TRUE
query-target-assignment-3098,query-021,search-target-267,TRUE
query-target-assignment-3099,query-022,search-target-267,TRUE
query-target-assignment-3100,query-023,search-target-267,TRUE
query-target-assignment-3101,query-024,search-target-267,TRUE
query-target-assignment-3102,query-025,search-target-267,TRUE
query-target-assignment-3103,query-026,search-target-267,TRUE
query-target-assignment-3104,query-027,search-target-267,TRUE
query-target-assignment-3105,query-028,search-target-267,TRUE
query-target-assignment-3106,query-029,search-target-267,TRUE
query-target-assignment-3107,query-030,search-target-267,TRUE
query-target-assignment-3108,query-031,search-target-267,TRUE
query-target-assignment-3109,query-032,search-target-267,TRUE
query-target-assignment-3110,query-033,search-target-267,TRUE
query-target-assignment-3111,query-034,search-target-267,TRUE
query-target-assignment-3112,query-018,search-target-268,TRUE
query-target-assignment-3113,query-019,search-target-268,TRUE
query-target-assignment-3114,query-020,search-target-268,TRUE
query-target-assignment-3115,query-021,search-target-268,TRUE
query-target-assignment-3116,query-022,search-target-268,TRUE
query-target-assignment-3117,query-023,search-target-268,TRUE
query-target-assignment-3118,query-024,search-target-268,TRUE
query-target-assignment-3119,query-025,search-target-268,TRUE
query-target-assignment-3120,query-026,search-target-268,TRUE
query-target-assignment-3121,query-027,search-target-268,TRUE
query-target-assignment-3122,query-028,search-target-268,TRUE
query-target-assignment-3123,query-029,search-target-268,TRUE
query-target-assignment-3124,query-030,search-target-268,TRUE
query-target-assignment-3125,query-031,search-target-268,TRUE
query-target-assignment-3126,query-032,search-target-268,TRUE
query-target-assignment-3127,query-033,search-target-268,TRUE
query-target-assignment-3128,query-034,search-target-268,TRUE
query-target-assignment-3129,query-035,search-target-269,TRUE
query-target-assignment-3130,query-036,search-target-269,TRUE
query-target-assignment-3131,query-037,search-target-269,TRUE
query-target-assignment-3132,query-038,search-target-269,TRUE
query-target-assignment-3133,query-039,search-target-269,TRUE
query-target-assignment-3134,query-040,search-target-269,TRUE
query-target-assignment-3135,query-041,search-target-269,TRUE
query-target-assignment-3136,query-042,search-target-269,TRUE
query-target-assignment-3137,query-043,search-target-269,TRUE
query-target-assignment-3138,query-044,search-target-269,TRUE
query-target-assignment-3139,query-045,search-target-269,TRUE
query-target-assignment-3140,query-046,search-target-269,TRUE
query-target-assignment-3141,query-047,search-target-269,TRUE
query-target-assignment-3142,query-048,search-target-269,TRUE
query-target-assignment-3143,query-049,search-target-269,TRUE
query-target-assignment-3144,query-050,search-target-269,TRUE
query-target-assignment-3145,query-051,search-target-269,TRUE
query-target-assignment-3146,query-035,search-target-270,TRUE
query-target-assignment-3147,query-036,search-target-270,TRUE
query-target-assignment-3148,query-037,search-target-270,TRUE
query-target-assignment-3149,query-038,search-target-270,TRUE
query-target-assignment-3150,query-039,search-target-270,TRUE
query-target-assignment-3151,query-040,search-target-270,TRUE
query-target-assignment-3152,query-041,search-target-270,TRUE
query-target-assignment-3153,query-042,search-target-270,TRUE
query-target-assignment-3154,query-043,search-target-270,TRUE
query-target-assignment-3155,query-044,search-target-270,TRUE
query-target-assignment-3156,query-045,search-target-270,TRUE
query-target-assignment-3157,query-046,search-target-270,TRUE
query-target-assignment-3158,query-047,search-target-270,TRUE
query-target-assignment-3159,query-048,search-target-270,TRUE
query-target-assignment-3160,query-049,search-target-270,TRUE
query-target-assignment-3161,query-050,search-target-270,TRUE
query-target-assignment-3162,query-051,search-target-270,TRUE
query-target-assignment-3163,query-035,search-target-271,TRUE
query-target-assignment-3164,query-036,search-target-271,TRUE
query-target-assignment-3165,query-037,search-target-271,TRUE
query-target-assignment-3166,query-038,search-target-271,TRUE
query-target-assignment-3167,query-039,search-target-271,TRUE
query-target-assignment-3168,query-040,search-target-271,TRUE
query-target-assignment-3169,query-041,search-target-271,TRUE
query-target-assignment-3170,query-042,search-target-271,TRUE
query-target-assignment-3171,query-043,search-target-271,TRUE
query-target-assignment-3172,query-044,search-target-271,TRUE
query-target-assignment-3173,query-045,search-target-271,TRUE
query-target-assignment-3174,query-046,search-target-271,TRUE
query-target-assignment-3175,query-047,search-target-271,TRUE
query-target-assignment-3176,query-048,search-target-271,TRUE
query-target-assignment-3177,query-049,search-target-271,TRUE
query-target-assignment-3178,query-050,search-target-271,TRUE
query-target-assignment-3179,query-051,search-target-271,TRUE
query-target-assignment-3180,query-035,search-target-272,TRUE
query-target-assignment-3181,query-036,search-target-272,TRUE
query-target-assignment-3182,query-037,search-target-272,TRUE
query-target-assignment-3183,query-038,search-target-272,TRUE
query-target-assignment-3184,query-039,search-target-272,TRUE
query-target-assignment-3185,query-040,search-target-272,TRUE
query-target-assignment-3186,query-041,search-target-272,TRUE
query-target-assignment-3187,query-042,search-target-272,TRUE
query-target-assignment-3188,query-043,search-target-272,TRUE
query-target-assignment-3189,query-044,search-target-272,TRUE
query-target-assignment-3190,query-045,search-target-272,TRUE
query-target-assignment-3191,query-046,search-target-272,TRUE
query-target-assignment-3192,query-047,search-target-272,TRUE
query-target-assignment-3193,query-048,search-target-272,TRUE
query-target-assignment-3194,query-049,search-target-272,TRUE
query-target-assignment-3195,query-050,search-target-272,TRUE
query-target-assignment-3196,query-051,search-target-272,TRUE
query-target-assignment-3197,query-052,search-target-273,TRUE
query-target-assignment-3198,query-053,search-target-273,TRUE
query-target-assignment-3199,query-054,search-target-273,TRUE
query-target-assignment-3200,query-055,search-target-273,TRUE
query-target-assignment-3201,query-056,search-target-273,TRUE
query-target-assignment-3202,query-057,search-target-273,TRUE
query-target-assignment-3203,query-058,search-target-273,TRUE
query-target-assignment-3204,query-059,search-target-273,TRUE
query-target-assignment-3205,query-060,search-target-273,TRUE
query-target-assignment-3206,query-061,search-target-273,TRUE
query-target-assignment-3207,query-062,search-target-273,TRUE
query-target-assignment-3208,query-063,search-target-273,TRUE
query-target-assignment-3209,query-064,search-target-273,TRUE
query-target-assignment-3210,query-065,search-target-273,TRUE
query-target-assignment-3211,query-066,search-target-273,TRUE
query-target-assignment-3212,query-067,search-target-273,TRUE
query-target-assignment-3213,query-068,search-target-273,TRUE
query-target-assignment-3214,query-052,search-target-274,TRUE
query-target-assignment-3215,query-053,search-target-274,TRUE
query-target-assignment-3216,query-054,search-target-274,TRUE
query-target-assignment-3217,query-055,search-target-274,TRUE
query-target-assignment-3218,query-056,search-target-274,TRUE
query-target-assignment-3219,query-057,search-target-274,TRUE
query-target-assignment-3220,query-058,search-target-274,TRUE
query-target-assignment-3221,query-059,search-target-274,TRUE
query-target-assignment-3222,query-060,search-target-274,TRUE
query-target-assignment-3223,query-061,search-target-274,TRUE
query-target-assignment-3224,query-062,search-target-274,TRUE
query-target-assignment-3225,query-063,search-target-274,TRUE
query-target-assignment-3226,query-064,search-target-274,TRUE
query-target-assignment-3227,query-065,search-target-274,TRUE
query-target-assignment-3228,query-066,search-target-274,TRUE
query-target-assignment-3229,query-067,search-target-274,TRUE
query-target-assignment-3230,query-068,search-target-274,TRUE
query-target-assignment-3231,query-052,search-target-275,TRUE
query-target-assignment-3232,query-053,search-target-275,TRUE
query-target-assignment-3233,query-054,search-target-275,TRUE
query-target-assignment-3234,query-055,search-target-275,TRUE
query-target-assignment-3235,query-056,search-target-275,TRUE
query-target-assignment-3236,query-057,search-target-275,TRUE
query-target-assignment-3237,query-058,search-target-275,TRUE
query-target-assignment-3238,query-059,search-target-275,TRUE
query-target-assignment-3239,query-060,search-target-275,TRUE
query-target-assignment-3240,query-061,search-target-275,TRUE
query-target-assignment-3241,query-062,search-target-275,TRUE
query-target-assignment-3242,query-063,search-target-275,TRUE
query-target-assignment-3243,query-064,search-target-275,TRUE
query-target-assignment-3244,query-065,search-target-275,TRUE
query-target-assignment-3245,query-066,search-target-275,TRUE
query-target-assignment-3246,query-067,search-target-275,TRUE
query-target-assignment-3247,query-068,search-target-275,TRUE
query-target-assignment-3248,query-052,search-target-276,TRUE
query-target-assignment-3249,query-053,search-target-276,TRUE
query-target-assignment-3250,query-054,search-target-276,TRUE
query-target-assignment-3251,query-055,search-target-276,TRUE
query-target-assignment-3252,query-056,search-target-276,TRUE
query-target-assignment-3253,query-057,search-target-276,TRUE
query-target-assignment-3254,query-058,search-target-276,TRUE
query-target-assignment-3255,query-059,search-target-276,TRUE
query-target-assignment-3256,query-060,search-target-276,TRUE
query-target-assignment-3257,query-061,search-target-276,TRUE
query-target-assignment-3258,query-062,search-target-276,TRUE
query-target-assignment-3259,query-063,search-target-276,TRUE
query-target-assignment-3260,query-064,search-target-276,TRUE
query-target-assignment-3261,query-065,search-target-276,TRUE
query-target-assignment-3262,query-066,search-target-276,TRUE
query-target-assignment-3263,query-067,search-target-276,TRUE
query-target-assignment-3264,query-068,search-target-276,TRUE
query-target-assignment-3265,query-001,search-target-281,TRUE
query-target-assignment-3266,query-002,search-target-281,TRUE
query-target-assignment-3267,query-003,search-target-281,TRUE
query-target-assignment-3268,query-004,search-target-281,TRUE
query-target-assignment-3269,query-005,search-target-281,TRUE
query-target-assignment-3270,query-006,search-target-281,TRUE
query-target-assignment-3271,query-007,search-target-281,TRUE
query-target-assignment-3272,query-008,search-target-281,TRUE
query-target-assignment-3273,query-009,search-target-281,TRUE
query-target-assignment-3274,query-010,search-target-281,TRUE
query-target-assignment-3275,query-011,search-target-281,TRUE
query-target-assignment-3276,query-012,search-target-281,TRUE
query-target-assignment-3277,query-013,search-target-281,TRUE
query-target-assignment-3278,query-014,search-target-281,TRUE
query-target-assignment-3279,query-015,search-target-281,TRUE
query-target-assignment-3280,query-016,search-target-281,TRUE
query-target-assignment-3281,query-017,search-target-281,TRUE
query-target-assignment-3282,query-001,search-target-282,TRUE
query-target-assignment-3283,query-002,search-target-282,TRUE
query-target-assignment-3284,query-003,search-target-282,TRUE
query-target-assignment-3285,query-004,search-target-282,TRUE
query-target-assignment-3286,query-005,search-target-282,TRUE
query-target-assignment-3287,query-006,search-target-282,TRUE
query-target-assignment-3288,query-007,search-target-282,TRUE
query-target-assignment-3289,query-008,search-target-282,TRUE
query-target-assignment-3290,query-009,search-target-282,TRUE
query-target-assignment-3291,query-010,search-target-282,TRUE
query-target-assignment-3292,query-011,search-target-282,TRUE
query-target-assignment-3293,query-012,search-target-282,TRUE
query-target-assignment-3294,query-013,search-target-282,TRUE
query-target-assignment-3295,query-014,search-target-282,TRUE
query-target-assignment-3296,query-015,search-target-282,TRUE
query-target-assignment-3297,query-016,search-target-282,TRUE
query-target-assignment-3298,query-017,search-target-282,TRUE
query-target-assignment-3299,query-001,search-target-283,TRUE
query-target-assignment-3300,query-002,search-target-283,TRUE
query-target-assignment-3301,query-003,search-target-283,TRUE
query-target-assignment-3302,query-004,search-target-283,TRUE
query-target-assignment-3303,query-005,search-target-283,TRUE
query-target-assignment-3304,query-006,search-target-283,TRUE
query-target-assignment-3305,query-007,search-target-283,TRUE
query-target-assignment-3306,query-008,search-target-283,TRUE
query-target-assignment-3307,query-009,search-target-283,TRUE
query-target-assignment-3308,query-010,search-target-283,TRUE
query-target-assignment-3309,query-011,search-target-283,TRUE
query-target-assignment-3310,query-012,search-target-283,TRUE
query-target-assignment-3311,query-013,search-target-283,TRUE
query-target-assignment-3312,query-014,search-target-283,TRUE
query-target-assignment-3313,query-015,search-target-283,TRUE
query-target-assignment-3314,query-016,search-target-283,TRUE
query-target-assignment-3315,query-017,search-target-283,TRUE
query-target-assignment-3316,query-001,search-target-284,TRUE
query-target-assignment-3317,query-002,search-target-284,TRUE
query-target-assignment-3318,query-003,search-target-284,TRUE
query-target-assignment-3319,query-004,search-target-284,TRUE
query-target-assignment-3320,query-005,search-target-284,TRUE
query-target-assignment-3321,query-006,search-target-284,TRUE
query-target-assignment-3322,query-007,search-target-284,TRUE
query-target-assignment-3323,query-008,search-target-284,TRUE
query-target-assignment-3324,query-009,search-target-284,TRUE
query-target-assignment-3325,query-010,search-target-284,TRUE
query-target-assignment-3326,query-011,search-target-284,TRUE
query-target-assignment-3327,query-012,search-target-284,TRUE
query-target-assignment-3328,query-013,search-target-284,TRUE
query-target-assignment-3329,query-014,search-target-284,TRUE
query-target-assignment-3330,query-015,search-target-284,TRUE
query-target-assignment-3331,query-016,search-target-284,TRUE
query-target-assignment-3332,query-017,search-target-284,TRUE
query-target-assignment-3333,query-018,search-target-285,TRUE
query-target-assignment-3334,query-019,search-target-285,TRUE
query-target-assignment-3335,query-020,search-target-285,TRUE
query-target-assignment-3336,query-021,search-target-285,TRUE
query-target-assignment-3337,query-022,search-target-285,TRUE
query-target-assignment-3338,query-023,search-target-285,TRUE
query-target-assignment-3339,query-024,search-target-285,TRUE
query-target-assignment-3340,query-025,search-target-285,TRUE
query-target-assignment-3341,query-026,search-target-285,TRUE
query-target-assignment-3342,query-027,search-target-285,TRUE
query-target-assignment-3343,query-028,search-target-285,TRUE
query-target-assignment-3344,query-029,search-target-285,TRUE
query-target-assignment-3345,query-030,search-target-285,TRUE
query-target-assignment-3346,query-031,search-target-285,TRUE
query-target-assignment-3347,query-032,search-target-285,TRUE
query-target-assignment-3348,query-033,search-target-285,TRUE
query-target-assignment-3349,query-034,search-target-285,TRUE
query-target-assignment-3350,query-018,search-target-286,TRUE
query-target-assignment-3351,query-019,search-target-286,TRUE
query-target-assignment-3352,query-020,search-target-286,TRUE
query-target-assignment-3353,query-021,search-target-286,TRUE
query-target-assignment-3354,query-022,search-target-286,TRUE
query-target-assignment-3355,query-023,search-target-286,TRUE
query-target-assignment-3356,query-024,search-target-286,TRUE
query-target-assignment-3357,query-025,search-target-286,TRUE
query-target-assignment-3358,query-026,search-target-286,TRUE
query-target-assignment-3359,query-027,search-target-286,TRUE
query-target-assignment-3360,query-028,search-target-286,TRUE
query-target-assignment-3361,query-029,search-target-286,TRUE
query-target-assignment-3362,query-030,search-target-286,TRUE
query-target-assignment-3363,query-031,search-target-286,TRUE
query-target-assignment-3364,query-032,search-target-286,TRUE
query-target-assignment-3365,query-033,search-target-286,TRUE
query-target-assignment-3366,query-034,search-target-286,TRUE
query-target-assignment-3367,query-018,search-target-287,TRUE
query-target-assignment-3368,query-019,search-target-287,TRUE
query-target-assignment-3369,query-020,search-target-287,TRUE
query-target-assignment-3370,query-021,search-target-287,TRUE
query-target-assignment-3371,query-022,search-target-287,TRUE
query-target-assignment-3372,query-023,search-target-287,TRUE
query-target-assignment-3373,query-024,search-target-287,TRUE
query-target-assignment-3374,query-025,search-target-287,TRUE
query-target-assignment-3375,query-026,search-target-287,TRUE
query-target-assignment-3376,query-027,search-target-287,TRUE
query-target-assignment-3377,query-028,search-target-287,TRUE
query-target-assignment-3378,query-029,search-target-287,TRUE
query-target-assignment-3379,query-030,search-target-287,TRUE
query-target-assignment-3380,query-031,search-target-287,TRUE
query-target-assignment-3381,query-032,search-target-287,TRUE
query-target-assignment-3382,query-033,search-target-287,TRUE
query-target-assignment-3383,query-034,search-target-287,TRUE
query-target-assignment-3384,query-018,search-target-288,TRUE
query-target-assignment-3385,query-019,search-target-288,TRUE
query-target-assignment-3386,query-020,search-target-288,TRUE
query-target-assignment-3387,query-021,search-target-288,TRUE
query-target-assignment-3388,query-022,search-target-288,TRUE
query-target-assignment-3389,query-023,search-target-288,TRUE
query-target-assignment-3390,query-024,search-target-288,TRUE
query-target-assignment-3391,query-025,search-target-288,TRUE
query-target-assignment-3392,query-026,search-target-288,TRUE
query-target-assignment-3393,query-027,search-target-288,TRUE
query-target-assignment-3394,query-028,search-target-288,TRUE
query-target-assignment-3395,query-029,search-target-288,TRUE
query-target-assignment-3396,query-030,search-target-288,TRUE
query-target-assignment-3397,query-031,search-target-288,TRUE
query-target-assignment-3398,query-032,search-target-288,TRUE
query-target-assignment-3399,query-033,search-target-288,TRUE
query-target-assignment-3400,query-034,search-target-288,TRUE
query-target-assignment-3401,query-035,search-target-289,TRUE
query-target-assignment-3402,query-036,search-target-289,TRUE
query-target-assignment-3403,query-037,search-target-289,TRUE
query-target-assignment-3404,query-038,search-target-289,TRUE
query-target-assignment-3405,query-039,search-target-289,TRUE
query-target-assignment-3406,query-040,search-target-289,TRUE
query-target-assignment-3407,query-041,search-target-289,TRUE
query-target-assignment-3408,query-042,search-target-289,TRUE
query-target-assignment-3409,query-043,search-target-289,TRUE
query-target-assignment-3410,query-044,search-target-289,TRUE
query-target-assignment-3411,query-045,search-target-289,TRUE
query-target-assignment-3412,query-046,search-target-289,TRUE
query-target-assignment-3413,query-047,search-target-289,TRUE
query-target-assignment-3414,query-048,search-target-289,TRUE
query-target-assignment-3415,query-049,search-target-289,TRUE
query-target-assignment-3416,query-050,search-target-289,TRUE
query-target-assignment-3417,query-051,search-target-289,TRUE
query-target-assignment-3418,query-035,search-target-290,TRUE
query-target-assignment-3419,query-036,search-target-290,TRUE
query-target-assignment-3420,query-037,search-target-290,TRUE
query-target-assignment-3421,query-038,search-target-290,TRUE
query-target-assignment-3422,query-039,search-target-290,TRUE
query-target-assignment-3423,query-040,search-target-290,TRUE
query-target-assignment-3424,query-041,search-target-290,TRUE
query-target-assignment-3425,query-042,search-target-290,TRUE
query-target-assignment-3426,query-043,search-target-290,TRUE
query-target-assignment-3427,query-044,search-target-290,TRUE
query-target-assignment-3428,query-045,search-target-290,TRUE
query-target-assignment-3429,query-046,search-target-290,TRUE
query-target-assignment-3430,query-047,search-target-290,TRUE
query-target-assignment-3431,query-048,search-target-290,TRUE
query-target-assignment-3432,query-049,search-target-290,TRUE
query-target-assignment-3433,query-050,search-target-290,TRUE
query-target-assignment-3434,query-051,search-target-290,TRUE
query-target-assignment-3435,query-035,search-target-291,TRUE
query-target-assignment-3436,query-036,search-target-291,TRUE
query-target-assignment-3437,query-037,search-target-291,TRUE
query-target-assignment-3438,query-038,search-target-291,TRUE
query-target-assignment-3439,query-039,search-target-291,TRUE
query-target-assignment-3440,query-040,search-target-291,TRUE
query-target-assignment-3441,query-041,search-target-291,TRUE
query-target-assignment-3442,query-042,search-target-291,TRUE
query-target-assignment-3443,query-043,search-target-291,TRUE
query-target-assignment-3444,query-044,search-target-291,TRUE
query-target-assignment-3445,query-045,search-target-291,TRUE
query-target-assignment-3446,query-046,search-target-291,TRUE
query-target-assignment-3447,query-047,search-target-291,TRUE
query-target-assignment-3448,query-048,search-target-291,TRUE
query-target-assignment-3449,query-049,search-target-291,TRUE
query-target-assignment-3450,query-050,search-target-291,TRUE
query-target-assignment-3451,query-051,search-target-291,TRUE
query-target-assignment-3452,query-035,search-target-292,TRUE
query-target-assignment-3453,query-036,search-target-292,TRUE
query-target-assignment-3454,query-037,search-target-292,TRUE
query-target-assignment-3455,query-038,search-target-292,TRUE
query-target-assignment-3456,query-039,search-target-292,TRUE
query-target-assignment-3457,query-040,search-target-292,TRUE
query-target-assignment-3458,query-041,search-target-292,TRUE
query-target-assignment-3459,query-042,search-target-292,TRUE
query-target-assignment-3460,query-043,search-target-292,TRUE
query-target-assignment-3461,query-044,search-target-292,TRUE
query-target-assignment-3462,query-045,search-target-292,TRUE
query-target-assignment-3463,query-046,search-target-292,TRUE
query-target-assignment-3464,query-047,search-target-292,TRUE
query-target-assignment-3465,query-048,search-target-292,TRUE
query-target-assignment-3466,query-049,search-target-292,TRUE
query-target-assignment-3467,query-050,search-target-292,TRUE
query-target-assignment-3468,query-051,search-target-292,TRUE
query-target-assignment-3469,query-052,search-target-293,TRUE
query-target-assignment-3470,query-053,search-target-293,TRUE
query-target-assignment-3471,query-054,search-target-293,TRUE
query-target-assignment-3472,query-055,search-target-293,TRUE
query-target-assignment-3473,query-056,search-target-293,TRUE
query-target-assignment-3474,query-057,search-target-293,TRUE
query-target-assignment-3475,query-058,search-target-293,TRUE
query-target-assignment-3476,query-059,search-target-293,TRUE
query-target-assignment-3477,query-060,search-target-293,TRUE
query-target-assignment-3478,query-061,search-target-293,TRUE
query-target-assignment-3479,query-062,search-target-293,TRUE
query-target-assignment-3480,query-063,search-target-293,TRUE
query-target-assignment-3481,query-064,search-target-293,TRUE
query-target-assignment-3482,query-065,search-target-293,TRUE
query-target-assignment-3483,query-066,search-target-293,TRUE
query-target-assignment-3484,query-067,search-target-293,TRUE
query-target-assignment-3485,query-068,search-target-293,TRUE
query-target-assignment-3486,query-052,search-target-294,TRUE
query-target-assignment-3487,query-053,search-target-294,TRUE
query-target-assignment-3488,query-054,search-target-294,TRUE
query-target-assignment-3489,query-055,search-target-294,TRUE
query-target-assignment-3490,query-056,search-target-294,TRUE
query-target-assignment-3491,query-057,search-target-294,TRUE
query-target-assignment-3492,query-058,search-target-294,TRUE
query-target-assignment-3493,query-059,search-target-294,TRUE
query-target-assignment-3494,query-060,search-target-294,TRUE
query-target-assignment-3495,query-061,search-target-294,TRUE
query-target-assignment-3496,query-062,search-target-294,TRUE
query-target-assignment-3497,query-063,search-target-294,TRUE
query-target-assignment-3498,query-064,search-target-294,TRUE
query-target-assignment-3499,query-065,search-target-294,TRUE
query-target-assignment-3500,query-066,search-target-294,TRUE
query-target-assignment-3501,query-067,search-target-294,TRUE
query-target-assignment-3502,query-068,search-target-294,TRUE
query-target-assignment-3503,query-052,search-target-295,TRUE
query-target-assignment-3504,query-053,search-target-295,TRUE
query-target-assignment-3505,query-054,search-target-295,TRUE
query-target-assignment-3506,query-055,search-target-295,TRUE
query-target-assignment-3507,query-056,search-target-295,TRUE
query-target-assignment-3508,query-057,search-target-295,TRUE
query-target-assignment-3509,query-058,search-target-295,TRUE
query-target-assignment-3510,query-059,search-target-295,TRUE
query-target-assignment-3511,query-060,search-target-295,TRUE
query-target-assignment-3512,query-061,search-target-295,TRUE
query-target-assignment-3513,query-062,search-target-295,TRUE
query-target-assignment-3514,query-063,search-target-295,TRUE
query-target-assignment-3515,query-064,search-target-295,TRUE
query-target-assignment-3516,query-065,search-target-295,TRUE
query-target-assignment-3517,query-066,search-target-295,TRUE
query-target-assignment-3518,query-067,search-target-295,TRUE
query-target-assignment-3519,query-068,search-target-295,TRUE
query-target-assignment-3520,query-052,search-target-296,TRUE
query-target-assignment-3521,query-053,search-target-296,TRUE
query-target-assignment-3522,query-054,search-target-296,TRUE
query-target-assignment-3523,query-055,search-target-296,TRUE
query-target-assignment-3524,query-056,search-target-296,TRUE
query-target-assignment-3525,query-057,search-target-296,TRUE
query-target-assignment-3526,query-058,search-target-296,TRUE
query-target-assignment-3527,query-059,search-target-296,TRUE
query-target-assignment-3528,query-060,search-target-296,TRUE
query-target-assignment-3529,query-061,search-target-296,TRUE
query-target-assignment-3530,query-062,search-target-296,TRUE
query-target-assignment-3531,query-063,search-target-296,TRUE
query-target-assignment-3532,query-064,search-target-296,TRUE
query-target-assignment-3533,query-065,search-target-296,TRUE
query-target-assignment-3534,query-066,search-target-296,TRUE
query-target-assignment-3535,query-067,search-target-296,TRUE
query-target-assignment-3536,query-068,search-target-296,TRUE
query-target-assignment-3537,query-001,search-target-301,TRUE
query-target-assignment-3538,query-002,search-target-301,TRUE
query-target-assignment-3539,query-003,search-target-301,TRUE
query-target-assignment-3540,query-004,search-target-301,TRUE
query-target-assignment-3541,query-005,search-target-301,TRUE
query-target-assignment-3542,query-006,search-target-301,TRUE
query-target-assignment-3543,query-007,search-target-301,TRUE
query-target-assignment-3544,query-008,search-target-301,TRUE
query-target-assignment-3545,query-009,search-target-301,TRUE
query-target-assignment-3546,query-010,search-target-301,TRUE
query-target-assignment-3547,query-011,search-target-301,TRUE
query-target-assignment-3548,query-012,search-target-301,TRUE
query-target-assignment-3549,query-013,search-target-301,TRUE
query-target-assignment-3550,query-014,search-target-301,TRUE
query-target-assignment-3551,query-015,search-target-301,TRUE
query-target-assignment-3552,query-016,search-target-301,TRUE
query-target-assignment-3553,query-017,search-target-301,TRUE
query-target-assignment-3554,query-001,search-target-302,TRUE
query-target-assignment-3555,query-002,search-target-302,TRUE
query-target-assignment-3556,query-003,search-target-302,TRUE
query-target-assignment-3557,query-004,search-target-302,TRUE
query-target-assignment-3558,query-005,search-target-302,TRUE
query-target-assignment-3559,query-006,search-target-302,TRUE
query-target-assignment-3560,query-007,search-target-302,TRUE
query-target-assignment-3561,query-008,search-target-302,TRUE
query-target-assignment-3562,query-009,search-target-302,TRUE
query-target-assignment-3563,query-010,search-target-302,TRUE
query-target-assignment-3564,query-011,search-target-302,TRUE
query-target-assignment-3565,query-012,search-target-302,TRUE
query-target-assignment-3566,query-013,search-target-302,TRUE
query-target-assignment-3567,query-014,search-target-302,TRUE
query-target-assignment-3568,query-015,search-target-302,TRUE
query-target-assignment-3569,query-016,search-target-302,TRUE
query-target-assignment-3570,query-017,search-target-302,TRUE
query-target-assignment-3571,query-001,search-target-303,TRUE
query-target-assignment-3572,query-002,search-target-303,TRUE
query-target-assignment-3573,query-003,search-target-303,TRUE
query-target-assignment-3574,query-004,search-target-303,TRUE
query-target-assignment-3575,query-005,search-target-303,TRUE
query-target-assignment-3576,query-006,search-target-303,TRUE
query-target-assignment-3577,query-007,search-target-303,TRUE
query-target-assignment-3578,query-008,search-target-303,TRUE
query-target-assignment-3579,query-009,search-target-303,TRUE
query-target-assignment-3580,query-010,search-target-303,TRUE
query-target-assignment-3581,query-011,search-target-303,TRUE
query-target-assignment-3582,query-012,search-target-303,TRUE
query-target-assignment-3583,query-013,search-target-303,TRUE
query-target-assignment-3584,query-014,search-target-303,TRUE
query-target-assignment-3585,query-015,search-target-303,TRUE
query-target-assignment-3586,query-016,search-target-303,TRUE
query-target-assignment-3587,query-017,search-target-303,TRUE
query-target-assignment-3588,query-001,search-target-304,TRUE
query-target-assignment-3589,query-002,search-target-304,TRUE
query-target-assignment-3590,query-003,search-target-304,TRUE
query-target-assignment-3591,query-004,search-target-304,TRUE
query-target-assignment-3592,query-005,search-target-304,TRUE
query-target-assignment-3593,query-006,search-target-304,TRUE
query-target-assignment-3594,query-007,search-target-304,TRUE
query-target-assignment-3595,query-008,search-target-304,TRUE
query-target-assignment-3596,query-009,search-target-304,TRUE
query-target-assignment-3597,query-010,search-target-304,TRUE
query-target-assignment-3598,query-011,search-target-304,TRUE
query-target-assignment-3599,query-012,search-target-304,TRUE
query-target-assignment-3600,query-013,search-target-304,TRUE
query-target-assignment-3601,query-014,search-target-304,TRUE
query-target-assignment-3602,query-015,search-target-304,TRUE
query-target-assignment-3603,query-016,search-target-304,TRUE
query-target-assignment-3604,query-017,search-target-304,TRUE
query-target-assignment-3605,query-018,search-target-305,TRUE
query-target-assignment-3606,query-019,search-target-305,TRUE
query-target-assignment-3607,query-020,search-target-305,TRUE
query-target-assignment-3608,query-021,search-target-305,TRUE
query-target-assignment-3609,query-022,search-target-305,TRUE
query-target-assignment-3610,query-023,search-target-305,TRUE
query-target-assignment-3611,query-024,search-target-305,TRUE
query-target-assignment-3612,query-025,search-target-305,TRUE
query-target-assignment-3613,query-026,search-target-305,TRUE
query-target-assignment-3614,query-027,search-target-305,TRUE
query-target-assignment-3615,query-028,search-target-305,TRUE
query-target-assignment-3616,query-029,search-target-305,TRUE
query-target-assignment-3617,query-030,search-target-305,TRUE
query-target-assignment-3618,query-031,search-target-305,TRUE
query-target-assignment-3619,query-032,search-target-305,TRUE
query-target-assignment-3620,query-033,search-target-305,TRUE
query-target-assignment-3621,query-034,search-target-305,TRUE
query-target-assignment-3622,query-018,search-target-306,TRUE
query-target-assignment-3623,query-019,search-target-306,TRUE
query-target-assignment-3624,query-020,search-target-306,TRUE
query-target-assignment-3625,query-021,search-target-306,TRUE
query-target-assignment-3626,query-022,search-target-306,TRUE
query-target-assignment-3627,query-023,search-target-306,TRUE
query-target-assignment-3628,query-024,search-target-306,TRUE
query-target-assignment-3629,query-025,search-target-306,TRUE
query-target-assignment-3630,query-026,search-target-306,TRUE
query-target-assignment-3631,query-027,search-target-306,TRUE
query-target-assignment-3632,query-028,search-target-306,TRUE
query-target-assignment-3633,query-029,search-target-306,TRUE
query-target-assignment-3634,query-030,search-target-306,TRUE
query-target-assignment-3635,query-031,search-target-306,TRUE
query-target-assignment-3636,query-032,search-target-306,TRUE
query-target-assignment-3637,query-033,search-target-306,TRUE
query-target-assignment-3638,query-034,search-target-306,TRUE
query-target-assignment-3639,query-018,search-target-307,TRUE
query-target-assignment-3640,query-019,search-target-307,TRUE
query-target-assignment-3641,query-020,search-target-307,TRUE
query-target-assignment-3642,query-021,search-target-307,TRUE
query-target-assignment-3643,query-022,search-target-307,TRUE
query-target-assignment-3644,query-023,search-target-307,TRUE
query-target-assignment-3645,query-024,search-target-307,TRUE
query-target-assignment-3646,query-025,search-target-307,TRUE
query-target-assignment-3647,query-026,search-target-307,TRUE
query-target-assignment-3648,query-027,search-target-307,TRUE
query-target-assignment-3649,query-028,search-target-307,TRUE
query-target-assignment-3650,query-029,search-target-307,TRUE
query-target-assignment-3651,query-030,search-target-307,TRUE
query-target-assignment-3652,query-031,search-target-307,TRUE
query-target-assignment-3653,query-032,search-target-307,TRUE
query-target-assignment-3654,query-033,search-target-307,TRUE
query-target-assignment-3655,query-034,search-target-307,TRUE
query-target-assignment-3656,query-018,search-target-308,TRUE
query-target-assignment-3657,query-019,search-target-308,TRUE
query-target-assignment-3658,query-020,search-target-308,TRUE
query-target-assignment-3659,query-021,search-target-308,TRUE
query-target-assignment-3660,query-022,search-target-308,TRUE
query-target-assignment-3661,query-023,search-target-308,TRUE
query-target-assignment-3662,query-024,search-target-308,TRUE
query-target-assignment-3663,query-025,search-target-308,TRUE
query-target-assignment-3664,query-026,search-target-308,TRUE
query-target-assignment-3665,query-027,search-target-308,TRUE
query-target-assignment-3666,query-028,search-target-308,TRUE
query-target-assignment-3667,query-029,search-target-308,TRUE
query-target-assignment-3668,query-030,search-target-308,TRUE
query-target-assignment-3669,query-031,search-target-308,TRUE
query-target-assignment-3670,query-032,search-target-308,TRUE
query-target-assignment-3671,query-033,search-target-308,TRUE
query-target-assignment-3672,query-034,search-target-308,TRUE
query-target-assignment-3673,query-035,search-target-309,TRUE
query-target-assignment-3674,query-036,search-target-309,TRUE
query-target-assignment-3675,query-037,search-target-309,TRUE
query-target-assignment-3676,query-038,search-target-309,TRUE
query-target-assignment-3677,query-039,search-target-309,TRUE
query-target-assignment-3678,query-040,search-target-309,TRUE
query-target-assignment-3679,query-041,search-target-309,TRUE
query-target-assignment-3680,query-042,search-target-309,TRUE
query-target-assignment-3681,query-043,search-target-309,TRUE
query-target-assignment-3682,query-044,search-target-309,TRUE
query-target-assignment-3683,query-045,search-target-309,TRUE
query-target-assignment-3684,query-046,search-target-309,TRUE
query-target-assignment-3685,query-047,search-target-309,TRUE
query-target-assignment-3686,query-048,search-target-309,TRUE
query-target-assignment-3687,query-049,search-target-309,TRUE
query-target-assignment-3688,query-050,search-target-309,TRUE
query-target-assignment-3689,query-051,search-target-309,TRUE
query-target-assignment-3690,query-035,search-target-310,TRUE
query-target-assignment-3691,query-036,search-target-310,TRUE
query-target-assignment-3692,query-037,search-target-310,TRUE
query-target-assignment-3693,query-038,search-target-310,TRUE
query-target-assignment-3694,query-039,search-target-310,TRUE
query-target-assignment-3695,query-040,search-target-310,TRUE
query-target-assignment-3696,query-041,search-target-310,TRUE
query-target-assignment-3697,query-042,search-target-310,TRUE
query-target-assignment-3698,query-043,search-target-310,TRUE
query-target-assignment-3699,query-044,search-target-310,TRUE
query-target-assignment-3700,query-045,search-target-310,TRUE
query-target-assignment-3701,query-046,search-target-310,TRUE
query-target-assignment-3702,query-047,search-target-310,TRUE
query-target-assignment-3703,query-048,search-target-310,TRUE
query-target-assignment-3704,query-049,search-target-310,TRUE
query-target-assignment-3705,query-050,search-target-310,TRUE
query-target-assignment-3706,query-051,search-target-310,TRUE
query-target-assignment-3707,query-035,search-target-311,TRUE
query-target-assignment-3708,query-036,search-target-311,TRUE
query-target-assignment-3709,query-037,search-target-311,TRUE
query-target-assignment-3710,query-038,search-target-311,TRUE
query-target-assignment-3711,query-039,search-target-311,TRUE
query-target-assignment-3712,query-040,search-target-311,TRUE
query-target-assignment-3713,query-041,search-target-311,TRUE
query-target-assignment-3714,query-042,search-target-311,TRUE
query-target-assignment-3715,query-043,search-target-311,TRUE
query-target-assignment-3716,query-044,search-target-311,TRUE
query-target-assignment-3717,query-045,search-target-311,TRUE
query-target-assignment-3718,query-046,search-target-311,TRUE
query-target-assignment-3719,query-047,search-target-311,TRUE
query-target-assignment-3720,query-048,search-target-311,TRUE
query-target-assignment-3721,query-049,search-target-311,TRUE
query-target-assignment-3722,query-050,search-target-311,TRUE
query-target-assignment-3723,query-051,search-target-311,TRUE
query-target-assignment-3724,query-035,search-target-312,TRUE
query-target-assignment-3725,query-036,search-target-312,TRUE
query-target-assignment-3726,query-037,search-target-312,TRUE
query-target-assignment-3727,query-038,search-target-312,TRUE
query-target-assignment-3728,query-039,search-target-312,TRUE
query-target-assignment-3729,query-040,search-target-312,TRUE
query-target-assignment-3730,query-041,search-target-312,TRUE
query-target-assignment-3731,query-042,search-target-312,TRUE
query-target-assignment-3732,query-043,search-target-312,TRUE
query-target-assignment-3733,query-044,search-target-312,TRUE
query-target-assignment-3734,query-045,search-target-312,TRUE
query-target-assignment-3735,query-046,search-target-312,TRUE
query-target-assignment-3736,query-047,search-target-312,TRUE
query-target-assignment-3737,query-048,search-target-312,TRUE
query-target-assignment-3738,query-049,search-target-312,TRUE
query-target-assignment-3739,query-050,search-target-312,TRUE
query-target-assignment-3740,query-051,search-target-312,TRUE
query-target-assignment-3741,query-052,search-target-313,TRUE
query-target-assignment-3742,query-053,search-target-313,TRUE
query-target-assignment-3743,query-054,search-target-313,TRUE
query-target-assignment-3744,query-055,search-target-313,TRUE
query-target-assignment-3745,query-056,search-target-313,TRUE
query-target-assignment-3746,query-057,search-target-313,TRUE
query-target-assignment-3747,query-058,search-target-313,TRUE
query-target-assignment-3748,query-059,search-target-313,TRUE
query-target-assignment-3749,query-060,search-target-313,TRUE
query-target-assignment-3750,query-061,search-target-313,TRUE
query-target-assignment-3751,query-062,search-target-313,TRUE
query-target-assignment-3752,query-063,search-target-313,TRUE
query-target-assignment-3753,query-064,search-target-313,TRUE
query-target-assignment-3754,query-065,search-target-313,TRUE
query-target-assignment-3755,query-066,search-target-313,TRUE
query-target-assignment-3756,query-067,search-target-313,TRUE
query-target-assignment-3757,query-068,search-target-313,TRUE
query-target-assignment-3758,query-052,search-target-314,TRUE
query-target-assignment-3759,query-053,search-target-314,TRUE
query-target-assignment-3760,query-054,search-target-314,TRUE
query-target-assignment-3761,query-055,search-target-314,TRUE
query-target-assignment-3762,query-056,search-target-314,TRUE
query-target-assignment-3763,query-057,search-target-314,TRUE
query-target-assignment-3764,query-058,search-target-314,TRUE
query-target-assignment-3765,query-059,search-target-314,TRUE
query-target-assignment-3766,query-060,search-target-314,TRUE
query-target-assignment-3767,query-061,search-target-314,TRUE
query-target-assignment-3768,query-062,search-target-314,TRUE
query-target-assignment-3769,query-063,search-target-314,TRUE
query-target-assignment-3770,query-064,search-target-314,TRUE
query-target-assignment-3771,query-065,search-target-314,TRUE
query-target-assignment-3772,query-066,search-target-314,TRUE
query-target-assignment-3773,query-067,search-target-314,TRUE
query-target-assignment-3774,query-068,search-target-314,TRUE
query-target-assignment-3775,query-052,search-target-315,TRUE
query-target-assignment-3776,query-053,search-target-315,TRUE
query-target-assignment-3777,query-054,search-target-315,TRUE
query-target-assignment-3778,query-055,search-target-315,TRUE
query-target-assignment-3779,query-056,search-target-315,TRUE
query-target-assignment-3780,query-057,search-target-315,TRUE
query-target-assignment-3781,query-058,search-target-315,TRUE
query-target-assignment-3782,query-059,search-target-315,TRUE
query-target-assignment-3783,query-060,search-target-315,TRUE
query-target-assignment-3784,query-061,search-target-315,TRUE
query-target-assignment-3785,query-062,search-target-315,TRUE
query-target-assignment-3786,query-063,search-target-315,TRUE
query-target-assignment-3787,query-064,search-target-315,TRUE
query-target-assignment-3788,query-065,search-target-315,TRUE
query-target-assignment-3789,query-066,search-target-315,TRUE
query-target-assignment-3790,query-067,search-target-315,TRUE
query-target-assignment-3791,query-068,search-target-315,TRUE
query-target-assignment-3792,query-052,search-target-316,TRUE
query-target-assignment-3793,query-053,search-target-316,TRUE
query-target-assignment-3794,query-054,search-target-316,TRUE
query-target-assignment-3795,query-055,search-target-316,TRUE
query-target-assignment-3796,query-056,search-target-316,TRUE
query-target-assignment-3797,query-057,search-target-316,TRUE
query-target-assignment-3798,query-058,search-target-316,TRUE
query-target-assignment-3799,query-059,search-target-316,TRUE
query-target-assignment-3800,query-060,search-target-316,TRUE
query-target-assignment-3801,query-061,search-target-316,TRUE
query-target-assignment-3802,query-062,search-target-316,TRUE
query-target-assignment-3803,query-063,search-target-316,TRUE
query-target-assignment-3804,query-064,search-target-316,TRUE
query-target-assignment-3805,query-065,search-target-316,TRUE
query-target-assignment-3806,query-066,search-target-316,TRUE
query-target-assignment-3807,query-067,search-target-316,TRUE
query-target-assignment-3808,query-068,search-target-316,TRUE
query-target-assignment-3809,query-001,search-target-341,TRUE
query-target-assignment-3810,query-002,search-target-341,TRUE
query-target-assignment-3811,query-003,search-target-341,TRUE
query-target-assignment-3812,query-004,search-target-341,TRUE
query-target-assignment-3813,query-005,search-target-341,TRUE
query-target-assignment-3814,query-006,search-target-341,TRUE
query-target-assignment-3815,query-007,search-target-341,TRUE
query-target-assignment-3816,query-008,search-target-341,TRUE
query-target-assignment-3817,query-009,search-target-341,TRUE
query-target-assignment-3818,query-010,search-target-341,TRUE
query-target-assignment-3819,query-011,search-target-341,TRUE
query-target-assignment-3820,query-012,search-target-341,TRUE
query-target-assignment-3821,query-013,search-target-341,TRUE
query-target-assignment-3822,query-014,search-target-341,TRUE
query-target-assignment-3823,query-015,search-target-341,TRUE
query-target-assignment-3824,query-016,search-target-341,TRUE
query-target-assignment-3825,query-017,search-target-341,TRUE
query-target-assignment-3826,query-001,search-target-342,TRUE
query-target-assignment-3827,query-002,search-target-342,TRUE
query-target-assignment-3828,query-003,search-target-342,TRUE
query-target-assignment-3829,query-004,search-target-342,TRUE
query-target-assignment-3830,query-005,search-target-342,TRUE
query-target-assignment-3831,query-006,search-target-342,TRUE
query-target-assignment-3832,query-007,search-target-342,TRUE
query-target-assignment-3833,query-008,search-target-342,TRUE
query-target-assignment-3834,query-009,search-target-342,TRUE
query-target-assignment-3835,query-010,search-target-342,TRUE
query-target-assignment-3836,query-011,search-target-342,TRUE
query-target-assignment-3837,query-012,search-target-342,TRUE
query-target-assignment-3838,query-013,search-target-342,TRUE
query-target-assignment-3839,query-014,search-target-342,TRUE
query-target-assignment-3840,query-015,search-target-342,TRUE
query-target-assignment-3841,query-016,search-target-342,TRUE
query-target-assignment-3842,query-017,search-target-342,TRUE
query-target-assignment-3843,query-001,search-target-343,TRUE
query-target-assignment-3844,query-002,search-target-343,TRUE
query-target-assignment-3845,query-003,search-target-343,TRUE
query-target-assignment-3846,query-004,search-target-343,TRUE
query-target-assignment-3847,query-005,search-target-343,TRUE
query-target-assignment-3848,query-006,search-target-343,TRUE
query-target-assignment-3849,query-007,search-target-343,TRUE
query-target-assignment-3850,query-008,search-target-343,TRUE
query-target-assignment-3851,query-009,search-target-343,TRUE
query-target-assignment-3852,query-010,search-target-343,TRUE
query-target-assignment-3853,query-011,search-target-343,TRUE
query-target-assignment-3854,query-012,search-target-343,TRUE
query-target-assignment-3855,query-013,search-target-343,TRUE
query-target-assignment-3856,query-014,search-target-343,TRUE
query-target-assignment-3857,query-015,search-target-343,TRUE
query-target-assignment-3858,query-016,search-target-343,TRUE
query-target-assignment-3859,query-017,search-target-343,TRUE
query-target-assignment-3860,query-001,search-target-344,TRUE
query-target-assignment-3861,query-002,search-target-344,TRUE
query-target-assignment-3862,query-003,search-target-344,TRUE
query-target-assignment-3863,query-004,search-target-344,TRUE
query-target-assignment-3864,query-005,search-target-344,TRUE
query-target-assignment-3865,query-006,search-target-344,TRUE
query-target-assignment-3866,query-007,search-target-344,TRUE
query-target-assignment-3867,query-008,search-target-344,TRUE
query-target-assignment-3868,query-009,search-target-344,TRUE
query-target-assignment-3869,query-010,search-target-344,TRUE
query-target-assignment-3870,query-011,search-target-344,TRUE
query-target-assignment-3871,query-012,search-target-344,TRUE
query-target-assignment-3872,query-013,search-target-344,TRUE
query-target-assignment-3873,query-014,search-target-344,TRUE
query-target-assignment-3874,query-015,search-target-344,TRUE
query-target-assignment-3875,query-016,search-target-344,TRUE
query-target-assignment-3876,query-017,search-target-344,TRUE
query-target-assignment-3877,query-018,search-target-345,TRUE
query-target-assignment-3878,query-019,search-target-345,TRUE
query-target-assignment-3879,query-020,search-target-345,TRUE
query-target-assignment-3880,query-021,search-target-345,TRUE
query-target-assignment-3881,query-022,search-target-345,TRUE
query-target-assignment-3882,query-023,search-target-345,TRUE
query-target-assignment-3883,query-024,search-target-345,TRUE
query-target-assignment-3884,query-025,search-target-345,TRUE
query-target-assignment-3885,query-026,search-target-345,TRUE
query-target-assignment-3886,query-027,search-target-345,TRUE
query-target-assignment-3887,query-028,search-target-345,TRUE
query-target-assignment-3888,query-029,search-target-345,TRUE
query-target-assignment-3889,query-030,search-target-345,TRUE
query-target-assignment-3890,query-031,search-target-345,TRUE
query-target-assignment-3891,query-032,search-target-345,TRUE
query-target-assignment-3892,query-033,search-target-345,TRUE
query-target-assignment-3893,query-034,search-target-345,TRUE
query-target-assignment-3894,query-018,search-target-346,TRUE
query-target-assignment-3895,query-019,search-target-346,TRUE
query-target-assignment-3896,query-020,search-target-346,TRUE
query-target-assignment-3897,query-021,search-target-346,TRUE
query-target-assignment-3898,query-022,search-target-346,TRUE
query-target-assignment-3899,query-023,search-target-346,TRUE
query-target-assignment-3900,query-024,search-target-346,TRUE
query-target-assignment-3901,query-025,search-target-346,TRUE
query-target-assignment-3902,query-026,search-target-346,TRUE
query-target-assignment-3903,query-027,search-target-346,TRUE
query-target-assignment-3904,query-028,search-target-346,TRUE
query-target-assignment-3905,query-029,search-target-346,TRUE
query-target-assignment-3906,query-030,search-target-346,TRUE
query-target-assignment-3907,query-031,search-target-346,TRUE
query-target-assignment-3908,query-032,search-target-346,TRUE
query-target-assignment-3909,query-033,search-target-346,TRUE
query-target-assignment-3910,query-034,search-target-346,TRUE
query-target-assignment-3911,query-018,search-target-347,TRUE
query-target-assignment-3912,query-019,search-target-347,TRUE
query-target-assignment-3913,query-020,search-target-347,TRUE
query-target-assignment-3914,query-021,search-target-347,TRUE
query-target-assignment-3915,query-022,search-target-347,TRUE
query-target-assignment-3916,query-023,search-target-347,TRUE
query-target-assignment-3917,query-024,search-target-347,TRUE
query-target-assignment-3918,query-025,search-target-347,TRUE
query-target-assignment-3919,query-026,search-target-347,TRUE
query-target-assignment-3920,query-027,search-target-347,TRUE
query-target-assignment-3921,query-028,search-target-347,TRUE
query-target-assignment-3922,query-029,search-target-347,TRUE
query-target-assignment-3923,query-030,search-target-347,TRUE
query-target-assignment-3924,query-031,search-target-347,TRUE
query-target-assignment-3925,query-032,search-target-347,TRUE
query-target-assignment-3926,query-033,search-target-347,TRUE
query-target-assignment-3927,query-034,search-target-347,TRUE
query-target-assignment-3928,query-018,search-target-348,TRUE
query-target-assignment-3929,query-019,search-target-348,TRUE
query-target-assignment-3930,query-020,search-target-348,TRUE
query-target-assignment-3931,query-021,search-target-348,TRUE
query-target-assignment-3932,query-022,search-target-348,TRUE
query-target-assignment-3933,query-023,search-target-348,TRUE
query-target-assignment-3934,query-024,search-target-348,TRUE
query-target-assignment-3935,query-025,search-target-348,TRUE
query-target-assignment-3936,query-026,search-target-348,TRUE
query-target-assignment-3937,query-027,search-target-348,TRUE
query-target-assignment-3938,query-028,search-target-348,TRUE
query-target-assignment-3939,query-029,search-target-348,TRUE
query-target-assignment-3940,query-030,search-target-348,TRUE
query-target-assignment-3941,query-031,search-target-348,TRUE
query-target-assignment-3942,query-032,search-target-348,TRUE
query-target-assignment-3943,query-033,search-target-348,TRUE
query-target-assignment-3944,query-034,search-target-348,TRUE
query-target-assignment-3945,query-035,search-target-349,TRUE
query-target-assignment-3946,query-036,search-target-349,TRUE
query-target-assignment-3947,query-037,search-target-349,TRUE
query-target-assignment-3948,query-038,search-target-349,TRUE
query-target-assignment-3949,query-039,search-target-349,TRUE
query-target-assignment-3950,query-040,search-target-349,TRUE
query-target-assignment-3951,query-041,search-target-349,TRUE
query-target-assignment-3952,query-042,search-target-349,TRUE
query-target-assignment-3953,query-043,search-target-349,TRUE
query-target-assignment-3954,query-044,search-target-349,TRUE
query-target-assignment-3955,query-045,search-target-349,TRUE
query-target-assignment-3956,query-046,search-target-349,TRUE
query-target-assignment-3957,query-047,search-target-349,TRUE
query-target-assignment-3958,query-048,search-target-349,TRUE
query-target-assignment-3959,query-049,search-target-349,TRUE
query-target-assignment-3960,query-050,search-target-349,TRUE
query-target-assignment-3961,query-051,search-target-349,TRUE
query-target-assignment-3962,query-035,search-target-350,TRUE
query-target-assignment-3963,query-036,search-target-350,TRUE
query-target-assignment-3964,query-037,search-target-350,TRUE
query-target-assignment-3965,query-038,search-target-350,TRUE
query-target-assignment-3966,query-039,search-target-350,TRUE
query-target-assignment-3967,query-040,search-target-350,TRUE
query-target-assignment-3968,query-041,search-target-350,TRUE
query-target-assignment-3969,query-042,search-target-350,TRUE
query-target-assignment-3970,query-043,search-target-350,TRUE
query-target-assignment-3971,query-044,search-target-350,TRUE
query-target-assignment-3972,query-045,search-target-350,TRUE
query-target-assignment-3973,query-046,search-target-350,TRUE
query-target-assignment-3974,query-047,search-target-350,TRUE
query-target-assignment-3975,query-048,search-target-350,TRUE
query-target-assignment-3976,query-049,search-target-350,TRUE
query-target-assignment-3977,query-050,search-target-350,TRUE
query-target-assignment-3978,query-051,search-target-350,TRUE
query-target-assignment-3979,query-035,search-target-351,TRUE
query-target-assignment-3980,query-036,search-target-351,TRUE
query-target-assignment-3981,query-037,search-target-351,TRUE
query-target-assignment-3982,query-038,search-target-351,TRUE
query-target-assignment-3983,query-039,search-target-351,TRUE
query-target-assignment-3984,query-040,search-target-351,TRUE
query-target-assignment-3985,query-041,search-target-351,TRUE
query-target-assignment-3986,query-042,search-target-351,TRUE
query-target-assignment-3987,query-043,search-target-351,TRUE
query-target-assignment-3988,query-044,search-target-351,TRUE
query-target-assignment-3989,query-045,search-target-351,TRUE
query-target-assignment-3990,query-046,search-target-351,TRUE
query-target-assignment-3991,query-047,search-target-351,TRUE
query-target-assignment-3992,query-048,search-target-351,TRUE
query-target-assignment-3993,query-049,search-target-351,TRUE
query-target-assignment-3994,query-050,search-target-351,TRUE
query-target-assignment-3995,query-051,search-target-351,TRUE
query-target-assignment-3996,query-035,search-target-352,TRUE
query-target-assignment-3997,query-036,search-target-352,TRUE
query-target-assignment-3998,query-037,search-target-352,TRUE
query-target-assignment-3999,query-038,search-target-352,TRUE
query-target-assignment-4000,query-039,search-target-352,TRUE
query-target-assignment-4001,query-040,search-target-352,TRUE
query-target-assignment-4002,query-041,search-target-352,TRUE
query-target-assignment-4003,query-042,search-target-352,TRUE
query-target-assignment-4004,query-043,search-target-352,TRUE
query-target-assignment-4005,query-044,search-target-352,TRUE
query-target-assignment-4006,query-045,search-target-352,TRUE
query-target-assignment-4007,query-046,search-target-352,TRUE
query-target-assignment-4008,query-047,search-target-352,TRUE
query-target-assignment-4009,query-048,search-target-352,TRUE
query-target-assignment-4010,query-049,search-target-352,TRUE
query-target-assignment-4011,query-050,search-target-352,TRUE
query-target-assignment-4012,query-051,search-target-352,TRUE
query-target-assignment-4013,query-052,search-target-353,TRUE
query-target-assignment-4014,query-053,search-target-353,TRUE
query-target-assignment-4015,query-054,search-target-353,TRUE
query-target-assignment-4016,query-055,search-target-353,TRUE
query-target-assignment-4017,query-056,search-target-353,TRUE
query-target-assignment-4018,query-057,search-target-353,TRUE
query-target-assignment-4019,query-058,search-target-353,TRUE
query-target-assignment-4020,query-059,search-target-353,TRUE
query-target-assignment-4021,query-060,search-target-353,TRUE
query-target-assignment-4022,query-061,search-target-353,TRUE
query-target-assignment-4023,query-062,search-target-353,TRUE
query-target-assignment-4024,query-063,search-target-353,TRUE
query-target-assignment-4025,query-064,search-target-353,TRUE
query-target-assignment-4026,query-065,search-target-353,TRUE
query-target-assignment-4027,query-066,search-target-353,TRUE
query-target-assignment-4028,query-067,search-target-353,TRUE
query-target-assignment-4029,query-068,search-target-353,TRUE
query-target-assignment-4030,query-052,search-target-354,TRUE
query-target-assignment-4031,query-053,search-target-354,TRUE
query-target-assignment-4032,query-054,search-target-354,TRUE
query-target-assignment-4033,query-055,search-target-354,TRUE
query-target-assignment-4034,query-056,search-target-354,TRUE
query-target-assignment-4035,query-057,search-target-354,TRUE
query-target-assignment-4036,query-058,search-target-354,TRUE
query-target-assignment-4037,query-059,search-target-354,TRUE
query-target-assignment-4038,query-060,search-target-354,TRUE
query-target-assignment-4039,query-061,search-target-354,TRUE
query-target-assignment-4040,query-062,search-target-354,TRUE
query-target-assignment-4041,query-063,search-target-354,TRUE
query-target-assignment-4042,query-064,search-target-354,TRUE
query-target-assignment-4043,query-065,search-target-354,TRUE
query-target-assignment-4044,query-066,search-target-354,TRUE
query-target-assignment-4045,query-067,search-target-354,TRUE
query-target-assignment-4046,query-068,search-target-354,TRUE
query-target-assignment-4047,query-052,search-target-355,TRUE
query-target-assignment-4048,query-053,search-target-355,TRUE
query-target-assignment-4049,query-054,search-target-355,TRUE
query-target-assignment-4050,query-055,search-target-355,TRUE
query-target-assignment-4051,query-056,search-target-355,TRUE
query-target-assignment-4052,query-057,search-target-355,TRUE
query-target-assignment-4053,query-058,search-target-355,TRUE
query-target-assignment-4054,query-059,search-target-355,TRUE
query-target-assignment-4055,query-060,search-target-355,TRUE
query-target-assignment-4056,query-061,search-target-355,TRUE
query-target-assignment-4057,query-062,search-target-355,TRUE
query-target-assignment-4058,query-063,search-target-355,TRUE
query-target-assignment-4059,query-064,search-target-355,TRUE
query-target-assignment-4060,query-065,search-target-355,TRUE
query-target-assignment-4061,query-066,search-target-355,TRUE
query-target-assignment-4062,query-067,search-target-355,TRUE
query-target-assignment-4063,query-068,search-target-355,TRUE
query-target-assignment-4064,query-052,search-target-356,TRUE
query-target-assignment-4065,query-053,search-target-356,TRUE
query-target-assignment-4066,query-054,search-target-356,TRUE
query-target-assignment-4067,query-055,search-target-356,TRUE
query-target-assignment-4068,query-056,search-target-356,TRUE
query-target-assignment-4069,query-057,search-target-356,TRUE
query-target-assignment-4070,query-058,search-target-356,TRUE
query-target-assignment-4071,query-059,search-target-356,TRUE
query-target-assignment-4072,query-060,search-target-356,TRUE
query-target-assignment-4073,query-061,search-target-356,TRUE
query-target-assignment-4074,query-062,search-target-356,TRUE
query-target-assignment-4075,query-063,search-target-356,TRUE
query-target-assignment-4076,query-064,search-target-356,TRUE
query-target-assignment-4077,query-065,search-target-356,TRUE
query-target-assignment-4078,query-066,search-target-356,TRUE
query-target-assignment-4079,query-067,search-target-356,TRUE
query-target-assignment-4080,query-068,search-target-356,TRUE
query-target-assignment-4081,query-035,search-target-361,TRUE
query-target-assignment-4082,query-036,search-target-361,TRUE
query-target-assignment-4083,query-037,search-target-361,TRUE
query-target-assignment-4084,query-038,search-target-361,TRUE
query-target-assignment-4085,query-039,search-target-361,TRUE
query-target-assignment-4086,query-040,search-target-361,TRUE
query-target-assignment-4087,query-041,search-target-361,TRUE
query-target-assignment-4088,query-042,search-target-361,TRUE
query-target-assignment-4089,query-043,search-target-361,TRUE
query-target-assignment-4090,query-044,search-target-361,TRUE
query-target-assignment-4091,query-045,search-target-361,TRUE
query-target-assignment-4092,query-046,search-target-361,TRUE
query-target-assignment-4093,query-047,search-target-361,TRUE
query-target-assignment-4094,query-048,search-target-361,TRUE
query-target-assignment-4095,query-049,search-target-361,TRUE
query-target-assignment-4096,query-050,search-target-361,TRUE
query-target-assignment-4097,query-051,search-target-361,TRUE
query-target-assignment-4098,query-035,search-target-362,TRUE
query-target-assignment-4099,query-036,search-target-362,TRUE
query-target-assignment-4100,query-037,search-target-362,TRUE
query-target-assignment-4101,query-038,search-target-362,TRUE
query-target-assignment-4102,query-039,search-target-362,TRUE
query-target-assignment-4103,query-040,search-target-362,TRUE
query-target-assignment-4104,query-041,search-target-362,TRUE
query-target-assignment-4105,query-042,search-target-362,TRUE
query-target-assignment-4106,query-043,search-target-362,TRUE
query-target-assignment-4107,query-044,search-target-362,TRUE
query-target-assignment-4108,query-045,search-target-362,TRUE
query-target-assignment-4109,query-046,search-target-362,TRUE
query-target-assignment-4110,query-047,search-target-362,TRUE
query-target-assignment-4111,query-048,search-target-362,TRUE
query-target-assignment-4112,query-049,search-target-362,TRUE
query-target-assignment-4113,query-050,search-target-362,TRUE
query-target-assignment-4114,query-051,search-target-362,TRUE
query-target-assignment-4115,query-035,search-target-363,TRUE
query-target-assignment-4116,query-036,search-target-363,TRUE
query-target-assignment-4117,query-037,search-target-363,TRUE
query-target-assignment-4118,query-038,search-target-363,TRUE
query-target-assignment-4119,query-039,search-target-363,TRUE
query-target-assignment-4120,query-040,search-target-363,TRUE
query-target-assignment-4121,query-041,search-target-363,TRUE
query-target-assignment-4122,query-042,search-target-363,TRUE
query-target-assignment-4123,query-043,search-target-363,TRUE
query-target-assignment-4124,query-044,search-target-363,TRUE
query-target-assignment-4125,query-045,search-target-363,TRUE
query-target-assignment-4126,query-046,search-target-363,TRUE
query-target-assignment-4127,query-047,search-target-363,TRUE
query-target-assignment-4128,query-048,search-target-363,TRUE
query-target-assignment-4129,query-049,search-target-363,TRUE
query-target-assignment-4130,query-050,search-target-363,TRUE
query-target-assignment-4131,query-051,search-target-363,TRUE
query-target-assignment-4132,query-035,search-target-364,TRUE
query-target-assignment-4133,query-036,search-target-364,TRUE
query-target-assignment-4134,query-037,search-target-364,TRUE
query-target-assignment-4135,query-038,search-target-364,TRUE
query-target-assignment-4136,query-039,search-target-364,TRUE
query-target-assignment-4137,query-040,search-target-364,TRUE
query-target-assignment-4138,query-041,search-target-364,TRUE
query-target-assignment-4139,query-042,search-target-364,TRUE
query-target-assignment-4140,query-043,search-target-364,TRUE
query-target-assignment-4141,query-044,search-target-364,TRUE
query-target-assignment-4142,query-045,search-target-364,TRUE
query-target-assignment-4143,query-046,search-target-364,TRUE
query-target-assignment-4144,query-047,search-target-364,TRUE
query-target-assignment-4145,query-048,search-target-364,TRUE
query-target-assignment-4146,query-049,search-target-364,TRUE
query-target-assignment-4147,query-050,search-target-364,TRUE
query-target-assignment-4148,query-051,search-target-364,TRUE
query-target-assignment-4149,query-035,search-target-365,TRUE
query-target-assignment-4150,query-036,search-target-365,TRUE
query-target-assignment-4151,query-037,search-target-365,TRUE
query-target-assignment-4152,query-038,search-target-365,TRUE
query-target-assignment-4153,query-039,search-target-365,TRUE
query-target-assignment-4154,query-040,search-target-365,TRUE
query-target-assignment-4155,query-041,search-target-365,TRUE
query-target-assignment-4156,query-042,search-target-365,TRUE
query-target-assignment-4157,query-043,search-target-365,TRUE
query-target-assignment-4158,query-044,search-target-365,TRUE
query-target-assignment-4159,query-045,search-target-365,TRUE
query-target-assignment-4160,query-046,search-target-365,TRUE
query-target-assignment-4161,query-047,search-target-365,TRUE
query-target-assignment-4162,query-048,search-target-365,TRUE
query-target-assignment-4163,query-049,search-target-365,TRUE
query-target-assignment-4164,query-050,search-target-365,TRUE
query-target-assignment-4165,query-051,search-target-365,TRUE
query-target-assignment-4166,query-035,search-target-366,TRUE
query-target-assignment-4167,query-036,search-target-366,TRUE
query-target-assignment-4168,query-037,search-target-366,TRUE
query-target-assignment-4169,query-038,search-target-366,TRUE
query-target-assignment-4170,query-039,search-target-366,TRUE
query-target-assignment-4171,query-040,search-target-366,TRUE
query-target-assignment-4172,query-041,search-target-366,TRUE
query-target-assignment-4173,query-042,search-target-366,TRUE
query-target-assignment-4174,query-043,search-target-366,TRUE
query-target-assignment-4175,query-044,search-target-366,TRUE
query-target-assignment-4176,query-045,search-target-366,TRUE
query-target-assignment-4177,query-046,search-target-366,TRUE
query-target-assignment-4178,query-047,search-target-366,TRUE
query-target-assignment-4179,query-048,search-target-366,TRUE
query-target-assignment-4180,query-049,search-target-366,TRUE
query-target-assignment-4181,query-050,search-target-366,TRUE
query-target-assignment-4182,query-051,search-target-366,TRUE
query-target-assignment-4183,query-035,search-target-367,TRUE
query-target-assignment-4184,query-036,search-target-367,TRUE
query-target-assignment-4185,query-037,search-target-367,TRUE
query-target-assignment-4186,query-038,search-target-367,TRUE
query-target-assignment-4187,query-039,search-target-367,TRUE
query-target-assignment-4188,query-040,search-target-367,TRUE
query-target-assignment-4189,query-041,search-target-367,TRUE
query-target-assignment-4190,query-042,search-target-367,TRUE
query-target-assignment-4191,query-043,search-target-367,TRUE
query-target-assignment-4192,query-044,search-target-367,TRUE
query-target-assignment-4193,query-045,search-target-367,TRUE
query-target-assignment-4194,query-046,search-target-367,TRUE
query-target-assignment-4195,query-047,search-target-367,TRUE
query-target-assignment-4196,query-048,search-target-367,TRUE
query-target-assignment-4197,query-049,search-target-367,TRUE
query-target-assignment-4198,query-050,search-target-367,TRUE
query-target-assignment-4199,query-051,search-target-367,TRUE
query-target-assignment-4200,query-035,search-target-368,TRUE
query-target-assignment-4201,query-036,search-target-368,TRUE
query-target-assignment-4202,query-037,search-target-368,TRUE
query-target-assignment-4203,query-038,search-target-368,TRUE
query-target-assignment-4204,query-039,search-target-368,TRUE
query-target-assignment-4205,query-040,search-target-368,TRUE
query-target-assignment-4206,query-041,search-target-368,TRUE
query-target-assignment-4207,query-042,search-target-368,TRUE
query-target-assignment-4208,query-043,search-target-368,TRUE
query-target-assignment-4209,query-044,search-target-368,TRUE
query-target-assignment-4210,query-045,search-target-368,TRUE
query-target-assignment-4211,query-046,search-target-368,TRUE
query-target-assignment-4212,query-047,search-target-368,TRUE
query-target-assignment-4213,query-048,search-target-368,TRUE
query-target-assignment-4214,query-049,search-target-368,TRUE
query-target-assignment-4215,query-050,search-target-368,TRUE
query-target-assignment-4216,query-051,search-target-368,TRUE
